eleves;id;maths;coefM;anglais;coefA;histoire;coefh;geographie;coefG;ecm;coefEcm;physique;coefP;informatique;coefI;chimie;coefC;francais;coefF
Frazer Foxten;1;;5;;3;;2;;2;;1;;3;;2;;2;;2
Aubree Starte;2;7.0;5;15.0;3;0.0;2;19.0;2;0.0;1;11.0;3;12.0;2;10.0;2;19.0;2
Georgine Gonzalo;3;15.0;5;10.0;3;14.0;2;10.0;2;16.0;1;0.0;3;11.0;2;0.0;2;19.0;2
Trenton Care;4;15.0;5;3.0;3;5.0;2;13.0;2;3.0;1;7.0;3;8.0;2;9.0;2;12.0;2
Binky Corey;5;17.0;5;9.0;3;1.0;2;11.0;2;4.0;1;9.0;3;9.0;2;8.0;2;8.0;2
Connie Hull;6;2.0;5;7.0;3;18.0;2;13.0;2;13.0;1;4.0;3;20.0;2;19.0;2;16.0;2
Ursulina Tsar;7;;5;;3;;2;;2;;1;;3;;2;;2;;2
Clair Ragg;8;0.0;5;0.0;3;16.0;2;1.0;2;18.0;1;18.0;3;6.0;2;10.0;2;20.0;2
Bernelle Smullin;9;3.0;5;18.0;3;19.0;2;2.0;2;1.0;1;0.0;3;15.0;2;0.0;2;19.0;2
Karrie Blune;10;7.0;5;17.0;3;3.0;2;15.0;2;16.0;1;10.0;3;14.0;2;3.0;2;15.0;2
Matelda Mitkin;11;17.0;5;5.0;3;4.0;2;7.0;2;17.0;1;19.0;3;10.0;2;8.0;2;3.0;2
Kristina Strelitzki;12;17.0;5;8.0;3;15.0;2;0.0;2;1.0;1;18.0;3;0.0;2;19.0;2;7.0;2
Alair Riccardo;13;12.0;5;11.0;3;1.0;2;19.0;2;5.0;1;6.0;3;11.0;2;8.0;2;12.0;2
Whit Saice;14;7.0;5;20.0;3;8.0;2;18.0;2;12.0;1;20.0;3;3.0;2;13.0;2;18.0;2
Aidan Gaymar;15;;5;;3;;2;;2;;1;;3;;2;;2;;2
Euphemia Kienzle;16;8.0;5;19.0;3;1.0;2;2.0;2;4.0;1;0.0;3;10.0;2;20.0;2;16.0;2
Athene Silbert;17;17.0;5;7.0;3;17.0;2;11.0;2;17.0;1;17.0;3;3.0;2;6.0;2;1.0;2
Roxie Yakunkin;18;;5;;3;;2;;2;;1;;3;;2;;2;;2
Nanni Giorgietto;19;;5;;3;;2;;2;;1;;3;;2;;2;;2
Northrop Perfect;20;;5;;3;;2;;2;;1;;3;;2;;2;;2
Tailor Comolli;21;6.0;5;0.0;3;2.0;2;13.0;2;0.0;1;7.0;3;8.0;2;20.0;2;16.0;2
Ford Minger;22;7.0;5;1.0;3;14.0;2;11.0;2;19.0;1;13.0;3;2.0;2;13.0;2;10.0;2
Farly Bettison;23;16.0;5;13.0;3;15.0;2;9.0;2;20.0;1;20.0;3;18.0;2;7.0;2;2.0;2
Jaquelin Oxbury;24;13.0;5;11.0;3;3.0;2;6.0;2;7.0;1;8.0;3;2.0;2;7.0;2;5.0;2
Fara Lyster;25;2.0;5;11.0;3;10.0;2;13.0;2;6.0;1;16.0;3;20.0;2;5.0;2;15.0;2
Fabian Troubridge;26;20.0;5;13.0;3;16.0;2;3.0;2;18.0;1;18.0;3;10.0;2;18.0;2;8.0;2
Amye Leall;27;14.0;5;5.0;3;15.0;2;18.0;2;5.0;1;6.0;3;2.0;2;9.0;2;12.0;2
Bar Ruffles;28;5.0;5;19.0;3;20.0;2;9.0;2;9.0;1;2.0;3;5.0;2;2.0;2;20.0;2
Tripp McKean;29;15.0;5;5.0;3;13.0;2;8.0;2;15.0;1;2.0;3;13.0;2;8.0;2;0.0;2
Clementia Newcomen;30;1.0;5;18.0;3;18.0;2;0.0;2;13.0;1;1.0;3;7.0;2;6.0;2;19.0;2
Grady Gierck;31;20.0;5;6.0;3;13.0;2;8.0;2;2.0;1;12.0;3;4.0;2;2.0;2;16.0;2
Malvina Merriman;32;;5;;3;;2;;2;;1;;3;;2;;2;;2
Baudoin Cohalan;33;;5;;3;;2;;2;;1;;3;;2;;2;;2
Ilario Boles;34;0.0;5;13.0;3;13.0;2;1.0;2;11.0;1;10.0;3;15.0;2;7.0;2;0.0;2
Nestor Cleaves;35;;5;;3;;2;;2;;1;;3;;2;;2;;2
Ivett Joska;36;;5;;3;;2;;2;;1;;3;;2;;2;;2
Michelina Wille;37;3.0;5;19.0;3;5.0;2;3.0;2;5.0;1;6.0;3;10.0;2;1.0;2;16.0;2
Klarrisa Galpin;38;4.0;5;9.0;3;9.0;2;18.0;2;19.0;1;5.0;3;14.0;2;16.0;2;6.0;2
Lisa Ninnotti;39;;5;;3;;2;;2;;1;;3;;2;;2;;2
Rubin Cominoli;40;15.0;5;0.0;3;9.0;2;17.0;2;9.0;1;11.0;3;16.0;2;15.0;2;6.0;2
Carolina Redington;41;;5;;3;;2;;2;;1;;3;;2;;2;;2
Martha Butterfint;42;18.0;5;8.0;3;14.0;2;17.0;2;4.0;1;15.0;3;12.0;2;15.0;2;11.0;2
Cori Shemmans;43;20.0;5;4.0;3;19.0;2;13.0;2;19.0;1;0.0;3;12.0;2;0.0;2;12.0;2
Berk Garmey;44;;5;;3;;2;;2;;1;;3;;2;;2;;2
Renae Rabl;45;15.0;5;15.0;3;3.0;2;18.0;2;13.0;1;14.0;3;8.0;2;18.0;2;10.0;2
Sauncho Pendre;46;2.0;5;10.0;3;0.0;2;16.0;2;5.0;1;6.0;3;20.0;2;9.0;2;18.0;2
Shannah Le Surf;47;2.0;5;20.0;3;7.0;2;10.0;2;14.0;1;10.0;3;20.0;2;13.0;2;12.0;2
Lydie Zimmer;48;;5;;3;;2;;2;;1;;3;;2;;2;;2
Bordy Carragher;49;20.0;5;13.0;3;17.0;2;20.0;2;4.0;1;9.0;3;14.0;2;1.0;2;10.0;2
Ferdinande Bubb;50;14.0;5;1.0;3;20.0;2;15.0;2;3.0;1;16.0;3;14.0;2;8.0;2;7.0;2
Jourdan Matthias;51;10.0;5;15.0;3;2.0;2;9.0;2;5.0;1;7.0;3;19.0;2;20.0;2;8.0;2
Vitia Schaffler;52;;5;;3;;2;;2;;1;;3;;2;;2;;2
Alene Lampe;53;12.0;5;19.0;3;20.0;2;1.0;2;18.0;1;3.0;3;6.0;2;5.0;2;5.0;2
Cynthie Ovitts;54;6.0;5;16.0;3;8.0;2;0.0;2;2.0;1;0.0;3;18.0;2;1.0;2;12.0;2
Gwennie Wollaston;55;11.0;5;3.0;3;13.0;2;11.0;2;18.0;1;3.0;3;11.0;2;12.0;2;4.0;2
Barrie Shoute;56;;5;;3;;2;;2;;1;;3;;2;;2;;2
Aurelia Grew;57;6.0;5;15.0;3;11.0;2;4.0;2;9.0;1;1.0;3;1.0;2;8.0;2;6.0;2
Broddie Sahlstrom;58;16.0;5;16.0;3;18.0;2;4.0;2;1.0;1;18.0;3;1.0;2;6.0;2;4.0;2
Lay Margrie;59;0.0;5;6.0;3;20.0;2;2.0;2;4.0;1;19.0;3;17.0;2;5.0;2;13.0;2
Orton Pragnell;60;3.0;5;16.0;3;18.0;2;17.0;2;11.0;1;0.0;3;8.0;2;0.0;2;6.0;2
Ricoriki Fonquernie;61;5.0;5;20.0;3;8.0;2;10.0;2;20.0;1;11.0;3;7.0;2;1.0;2;14.0;2
Trumaine Fairpo;62;12.0;5;7.0;3;15.0;2;19.0;2;2.0;1;1.0;3;3.0;2;16.0;2;19.0;2
Skell Toppin;63;13.0;5;16.0;3;4.0;2;2.0;2;12.0;1;4.0;3;3.0;2;15.0;2;16.0;2
Lindy McAvaddy;64;3.0;5;17.0;3;6.0;2;6.0;2;3.0;1;4.0;3;16.0;2;4.0;2;6.0;2
Andria Dollman;65;2.0;5;19.0;3;7.0;2;11.0;2;16.0;1;12.0;3;17.0;2;3.0;2;7.0;2
Adriena Molineux;66;;5;;3;;2;;2;;1;;3;;2;;2;;2
Mirabella Gajownik;67;16.0;5;14.0;3;7.0;2;6.0;2;14.0;1;16.0;3;16.0;2;13.0;2;4.0;2
Leanora Cantwell;68;2.0;5;6.0;3;18.0;2;8.0;2;7.0;1;2.0;3;14.0;2;7.0;2;17.0;2
Nollie Hildrew;69;12.0;5;7.0;3;12.0;2;8.0;2;12.0;1;1.0;3;9.0;2;2.0;2;0.0;2
Byran Nijssen;70;1.0;5;17.0;3;10.0;2;6.0;2;20.0;1;3.0;3;10.0;2;6.0;2;8.0;2
Averyl Grimsdell;71;13.0;5;19.0;3;7.0;2;11.0;2;16.0;1;5.0;3;14.0;2;12.0;2;6.0;2
Yalonda MacCrackan;72;1.0;5;5.0;3;6.0;2;16.0;2;4.0;1;18.0;3;9.0;2;5.0;2;12.0;2
Flynn Cotes;73;2.0;5;9.0;3;19.0;2;19.0;2;1.0;1;9.0;3;7.0;2;15.0;2;10.0;2
Brig Andreia;74;19.0;5;5.0;3;0.0;2;15.0;2;15.0;1;9.0;3;3.0;2;18.0;2;17.0;2
Carl Dyble;75;;5;;3;;2;;2;;1;;3;;2;;2;;2
Ermengarde Rennles;76;20.0;5;12.0;3;13.0;2;7.0;2;16.0;1;10.0;3;7.0;2;13.0;2;5.0;2
Staffard Tesimon;77;16.0;5;14.0;3;14.0;2;10.0;2;10.0;1;3.0;3;13.0;2;9.0;2;4.0;2
Koressa Jennery;78;13.0;5;2.0;3;1.0;2;20.0;2;9.0;1;2.0;3;6.0;2;20.0;2;5.0;2
Cammi Danielsohn;79;13.0;5;7.0;3;18.0;2;8.0;2;2.0;1;1.0;3;17.0;2;8.0;2;1.0;2
Heriberto Guyet;80;;5;;3;;2;;2;;1;;3;;2;;2;;2
Toni Kempson;81;;5;;3;;2;;2;;1;;3;;2;;2;;2
Quent Campsall;82;16.0;5;2.0;3;10.0;2;5.0;2;3.0;1;4.0;3;14.0;2;1.0;2;11.0;2
Olia Caldera;83;2.0;5;6.0;3;12.0;2;17.0;2;19.0;1;7.0;3;7.0;2;17.0;2;10.0;2
Dorine MacColgan;84;2.0;5;15.0;3;0.0;2;13.0;2;7.0;1;17.0;3;12.0;2;4.0;2;19.0;2
Germana Benettelli;85;;5;;3;;2;;2;;1;;3;;2;;2;;2
Rianon Chessman;86;;5;;3;;2;;2;;1;;3;;2;;2;;2
Nealson Bickle;87;18.0;5;20.0;3;18.0;2;7.0;2;13.0;1;7.0;3;17.0;2;10.0;2;19.0;2
Corella Woolford;88;19.0;5;7.0;3;14.0;2;4.0;2;14.0;1;9.0;3;5.0;2;3.0;2;16.0;2
Nedda Parade;89;;5;;3;;2;;2;;1;;3;;2;;2;;2
Wood Aers;90;;5;;3;;2;;2;;1;;3;;2;;2;;2
Dee dee Dangl;91;20.0;5;10.0;3;14.0;2;1.0;2;16.0;1;3.0;3;10.0;2;16.0;2;2.0;2
Jillana Kier;92;1.0;5;14.0;3;9.0;2;1.0;2;0.0;1;9.0;3;16.0;2;16.0;2;12.0;2
Reggie Brien;93;3.0;5;4.0;3;0.0;2;0.0;2;15.0;1;19.0;3;13.0;2;16.0;2;1.0;2
Isac Drane;94;12.0;5;14.0;3;11.0;2;12.0;2;14.0;1;3.0;3;12.0;2;7.0;2;0.0;2
Graham Aiston;95;2.0;5;20.0;3;6.0;2;8.0;2;9.0;1;17.0;3;16.0;2;9.0;2;10.0;2
Margi Ciardo;96;1.0;5;19.0;3;9.0;2;18.0;2;20.0;1;7.0;3;8.0;2;4.0;2;4.0;2
Fredrika Steptoe;97;5.0;5;20.0;3;1.0;2;15.0;2;19.0;1;4.0;3;15.0;2;15.0;2;19.0;2
Thekla Rampage;98;;5;;3;;2;;2;;1;;3;;2;;2;;2
Roobbie Upston;99;7.0;5;0.0;3;20.0;2;0.0;2;17.0;1;16.0;3;17.0;2;11.0;2;2.0;2
Judie Swainger;100;15.0;5;11.0;3;4.0;2;7.0;2;11.0;1;14.0;3;5.0;2;1.0;2;9.0;2
Prentice Moquin;101;3.0;5;18.0;3;12.0;2;11.0;2;11.0;1;10.0;3;3.0;2;20.0;2;2.0;2
Nanice Braidley;102;5.0;5;14.0;3;16.0;2;1.0;2;19.0;1;18.0;3;19.0;2;5.0;2;14.0;2
Bogart Duckhouse;103;9.0;5;2.0;3;2.0;2;2.0;2;3.0;1;12.0;3;20.0;2;5.0;2;7.0;2
Belicia Simonassi;104;;5;;3;;2;;2;;1;;3;;2;;2;;2
Marcellus Toomer;105;19.0;5;18.0;3;20.0;2;14.0;2;10.0;1;19.0;3;17.0;2;6.0;2;20.0;2
Gracie Jayes;106;18.0;5;9.0;3;12.0;2;14.0;2;17.0;1;5.0;3;19.0;2;8.0;2;15.0;2
Vinnie Timbrell;107;14.0;5;4.0;3;12.0;2;14.0;2;14.0;1;5.0;3;19.0;2;7.0;2;1.0;2
Alyda Slowgrove;108;7.0;5;3.0;3;7.0;2;16.0;2;12.0;1;8.0;3;3.0;2;8.0;2;5.0;2
Roseanna Hyams;109;;5;;3;;2;;2;;1;;3;;2;;2;;2
Kellina Vermer;110;9.0;5;12.0;3;1.0;2;12.0;2;9.0;1;11.0;3;12.0;2;1.0;2;20.0;2
Shaughn Flavelle;111;19.0;5;1.0;3;10.0;2;5.0;2;11.0;1;14.0;3;15.0;2;4.0;2;7.0;2
Normy Dusting;112;14.0;5;7.0;3;9.0;2;0.0;2;17.0;1;3.0;3;20.0;2;19.0;2;9.0;2
Leoine Allso;113;16.0;5;9.0;3;6.0;2;18.0;2;17.0;1;9.0;3;3.0;2;20.0;2;13.0;2
Emogene Ambrus;114;16.0;5;16.0;3;15.0;2;20.0;2;12.0;1;7.0;3;7.0;2;4.0;2;5.0;2
Bear Winkell;115;14.0;5;9.0;3;3.0;2;20.0;2;11.0;1;12.0;3;8.0;2;8.0;2;8.0;2
Merissa Warstall;116;17.0;5;9.0;3;14.0;2;0.0;2;15.0;1;15.0;3;15.0;2;4.0;2;19.0;2
Creigh Janson;117;5.0;5;1.0;3;3.0;2;9.0;2;8.0;1;9.0;3;7.0;2;7.0;2;5.0;2
Stevana Roser;118;11.0;5;11.0;3;2.0;2;8.0;2;2.0;1;10.0;3;10.0;2;14.0;2;15.0;2
Aldous Imlen;119;15.0;5;15.0;3;2.0;2;3.0;2;10.0;1;5.0;3;1.0;2;9.0;2;6.0;2
Ashlan Haylor;120;4.0;5;1.0;3;1.0;2;9.0;2;5.0;1;6.0;3;9.0;2;14.0;2;3.0;2
Maura Goodlip;121;;5;;3;;2;;2;;1;;3;;2;;2;;2
Rolland Revan;122;6.0;5;8.0;3;4.0;2;16.0;2;11.0;1;6.0;3;3.0;2;2.0;2;5.0;2
Garnet Cobbing;123;5.0;5;5.0;3;6.0;2;12.0;2;14.0;1;17.0;3;6.0;2;9.0;2;8.0;2
Madlen MacAdie;124;16.0;5;11.0;3;15.0;2;12.0;2;2.0;1;3.0;3;11.0;2;9.0;2;18.0;2
Garrard Filipson;125;0.0;5;2.0;3;14.0;2;15.0;2;8.0;1;0.0;3;5.0;2;0.0;2;6.0;2
Nester Pennone;126;;5;;3;;2;;2;;1;;3;;2;;2;;2
Wittie O'Looney;127;18.0;5;6.0;3;2.0;2;0.0;2;7.0;1;16.0;3;18.0;2;0.0;2;3.0;2
Midge Castel;128;9.0;5;0.0;3;7.0;2;13.0;2;8.0;1;0.0;3;8.0;2;1.0;2;8.0;2
Eddie holmes;129;8.0;5;18.0;3;18.0;2;20.0;2;8.0;1;19.0;3;9.0;2;18.0;2;14.0;2
Alvy MacClinton;130;;5;;3;;2;;2;;1;;3;;2;;2;;2
Gennie Prydie;131;6.0;5;1.0;3;18.0;2;8.0;2;5.0;1;17.0;3;4.0;2;19.0;2;19.0;2
Sergent Dugood;132;;5;;3;;2;;2;;1;;3;;2;;2;;2
Donaugh Firby;133;7.0;5;14.0;3;9.0;2;1.0;2;1.0;1;14.0;3;18.0;2;18.0;2;12.0;2
Lu Simon;134;;5;;3;;2;;2;;1;;3;;2;;2;;2
Jemima Frontczak;135;4.0;5;3.0;3;5.0;2;13.0;2;13.0;1;10.0;3;1.0;2;10.0;2;8.0;2
Elena Rubroe;136;20.0;5;10.0;3;4.0;2;19.0;2;19.0;1;20.0;3;8.0;2;20.0;2;19.0;2
Tobit McGarrahan;137;;5;;3;;2;;2;;1;;3;;2;;2;;2
Larry Shimmin;138;9.0;5;18.0;3;1.0;2;14.0;2;12.0;1;4.0;3;5.0;2;7.0;2;2.0;2
Tamiko Taylder;139;13.0;5;16.0;3;16.0;2;17.0;2;0.0;1;12.0;3;6.0;2;13.0;2;11.0;2
Kinsley Eborn;140;20.0;5;20.0;3;4.0;2;1.0;2;19.0;1;15.0;3;18.0;2;18.0;2;6.0;2
Egor Lebrun;141;14.0;5;18.0;3;20.0;2;20.0;2;14.0;1;20.0;3;18.0;2;18.0;2;11.0;2
Modestia Avent;142;20.0;5;12.0;3;14.0;2;18.0;2;0.0;1;12.0;3;20.0;2;12.0;2;2.0;2
Merrili Basilotta;143;;5;;3;;2;;2;;1;;3;;2;;2;;2
Hollis Moatt;144;4.0;5;12.0;3;1.0;2;15.0;2;1.0;1;16.0;3;6.0;2;12.0;2;2.0;2
Ignaz Mitcheson;145;12.0;5;11.0;3;5.0;2;9.0;2;7.0;1;16.0;3;11.0;2;3.0;2;12.0;2
Candice Brandoni;146;16.0;5;9.0;3;18.0;2;17.0;2;0.0;1;7.0;3;4.0;2;14.0;2;14.0;2
Carroll Frossell;147;2.0;5;7.0;3;20.0;2;12.0;2;2.0;1;11.0;3;18.0;2;20.0;2;17.0;2
Effie Indge;148;;5;;3;;2;;2;;1;;3;;2;;2;;2
Dorene Barrington;149;16.0;5;0.0;3;4.0;2;6.0;2;4.0;1;2.0;3;13.0;2;1.0;2;5.0;2
Waly Woof;150;8.0;5;4.0;3;2.0;2;18.0;2;4.0;1;3.0;3;14.0;2;20.0;2;12.0;2
Timothy Bugler;151;19.0;5;0.0;3;18.0;2;20.0;2;3.0;1;17.0;3;8.0;2;18.0;2;2.0;2
Britt Marrion;152;2.0;5;17.0;3;19.0;2;2.0;2;20.0;1;13.0;3;19.0;2;4.0;2;8.0;2
Hadley Villar;153;11.0;5;14.0;3;20.0;2;8.0;2;1.0;1;20.0;3;2.0;2;16.0;2;9.0;2
Ted Spofford;154;11.0;5;20.0;3;11.0;2;20.0;2;3.0;1;0.0;3;10.0;2;20.0;2;11.0;2
Shellysheldon Terbeek;155;;5;;3;;2;;2;;1;;3;;2;;2;;2
Bride Nassi;156;15.0;5;9.0;3;11.0;2;0.0;2;5.0;1;10.0;3;0.0;2;18.0;2;17.0;2
Dianemarie Grason;157;18.0;5;4.0;3;15.0;2;11.0;2;15.0;1;3.0;3;1.0;2;11.0;2;3.0;2
Marina Muddle;158;7.0;5;17.0;3;2.0;2;6.0;2;5.0;1;11.0;3;9.0;2;9.0;2;20.0;2
Lydie Meiklam;159;8.0;5;11.0;3;5.0;2;17.0;2;15.0;1;2.0;3;7.0;2;17.0;2;10.0;2
Aliza Tremeer;160;13.0;5;19.0;3;18.0;2;12.0;2;8.0;1;11.0;3;3.0;2;18.0;2;0.0;2
Hayden Gyppes;161;2.0;5;14.0;3;13.0;2;18.0;2;18.0;1;17.0;3;0.0;2;7.0;2;15.0;2
Anetta Bedenham;162;17.0;5;6.0;3;7.0;2;5.0;2;4.0;1;7.0;3;3.0;2;14.0;2;5.0;2
Forbes Janos;163;16.0;5;3.0;3;4.0;2;0.0;2;9.0;1;3.0;3;4.0;2;3.0;2;16.0;2
Jammal Romaynes;164;18.0;5;7.0;3;20.0;2;8.0;2;18.0;1;11.0;3;12.0;2;20.0;2;20.0;2
Norma Hannam;165;1.0;5;14.0;3;1.0;2;2.0;2;4.0;1;13.0;3;16.0;2;13.0;2;4.0;2
Niki Georgeson;166;10.0;5;12.0;3;10.0;2;11.0;2;15.0;1;10.0;3;17.0;2;8.0;2;9.0;2
Dru Larrat;167;10.0;5;11.0;3;3.0;2;10.0;2;4.0;1;5.0;3;18.0;2;7.0;2;4.0;2
Andriana Argent;168;;5;;3;;2;;2;;1;;3;;2;;2;;2
Eldin Teague;169;20.0;5;15.0;3;3.0;2;14.0;2;4.0;1;0.0;3;18.0;2;19.0;2;10.0;2
Lisette Hasker;170;10.0;5;17.0;3;4.0;2;1.0;2;8.0;1;19.0;3;3.0;2;0.0;2;18.0;2
Aili Frisdick;171;10.0;5;19.0;3;10.0;2;8.0;2;19.0;1;1.0;3;13.0;2;16.0;2;4.0;2
Suzi Coghill;172;14.0;5;12.0;3;8.0;2;18.0;2;13.0;1;7.0;3;0.0;2;6.0;2;12.0;2
Hieronymus Cahalin;173;;5;;3;;2;;2;;1;;3;;2;;2;;2
Rriocard Hafner;174;19.0;5;18.0;3;4.0;2;11.0;2;16.0;1;0.0;3;19.0;2;10.0;2;8.0;2
Onida Neising;175;20.0;5;12.0;3;18.0;2;3.0;2;13.0;1;7.0;3;3.0;2;18.0;2;16.0;2
Baxy Jarrett;176;17.0;5;10.0;3;12.0;2;13.0;2;14.0;1;4.0;3;0.0;2;15.0;2;0.0;2
Rockie Bownas;177;20.0;5;17.0;3;13.0;2;9.0;2;9.0;1;7.0;3;10.0;2;13.0;2;17.0;2
Leshia Doerrling;178;;5;;3;;2;;2;;1;;3;;2;;2;;2
Borden D'Alessandro;179;;5;;3;;2;;2;;1;;3;;2;;2;;2
Zarah Tassaker;180;6.0;5;13.0;3;19.0;2;11.0;2;20.0;1;1.0;3;8.0;2;18.0;2;20.0;2
Sharyl Coffin;181;17.0;5;15.0;3;2.0;2;16.0;2;16.0;1;8.0;3;10.0;2;13.0;2;11.0;2
Stanly Michelotti;182;17.0;5;5.0;3;8.0;2;12.0;2;5.0;1;19.0;3;0.0;2;12.0;2;0.0;2
Johannah Draude;183;14.0;5;19.0;3;0.0;2;12.0;2;9.0;1;20.0;3;19.0;2;2.0;2;7.0;2
Bentley Batecok;184;6.0;5;0.0;3;8.0;2;15.0;2;12.0;1;15.0;3;8.0;2;16.0;2;6.0;2
Noel Alderwick;185;;5;;3;;2;;2;;1;;3;;2;;2;;2
Staffard Gildroy;186;17.0;5;8.0;3;15.0;2;14.0;2;1.0;1;9.0;3;7.0;2;0.0;2;19.0;2
Bail Brunt;187;20.0;5;4.0;3;13.0;2;11.0;2;13.0;1;12.0;3;8.0;2;6.0;2;3.0;2
Marlin Conechie;188;;5;;3;;2;;2;;1;;3;;2;;2;;2
Claudianus Petrecz;189;18.0;5;14.0;3;4.0;2;6.0;2;9.0;1;3.0;3;10.0;2;4.0;2;18.0;2
Terri-jo Tubb;190;14.0;5;9.0;3;13.0;2;7.0;2;17.0;1;13.0;3;5.0;2;12.0;2;18.0;2
Madalyn Pitbladdo;191;;5;;3;;2;;2;;1;;3;;2;;2;;2
Robert Bru;192;16.0;5;0.0;3;0.0;2;0.0;2;3.0;1;17.0;3;8.0;2;2.0;2;8.0;2
Devin Satchel;193;11.0;5;13.0;3;9.0;2;7.0;2;13.0;1;20.0;3;17.0;2;14.0;2;8.0;2
Annemarie Eglise;194;6.0;5;11.0;3;13.0;2;12.0;2;11.0;1;19.0;3;12.0;2;17.0;2;15.0;2
Elwood Rock;195;;5;;3;;2;;2;;1;;3;;2;;2;;2
Christoper Shire;196;6.0;5;12.0;3;10.0;2;9.0;2;5.0;1;2.0;3;15.0;2;17.0;2;19.0;2
Cody Blankley;197;4.0;5;17.0;3;2.0;2;5.0;2;0.0;1;10.0;3;3.0;2;14.0;2;5.0;2
Kleon Gravenall;198;15.0;5;5.0;3;8.0;2;20.0;2;13.0;1;20.0;3;15.0;2;3.0;2;16.0;2
Vitoria Perroni;199;;5;;3;;2;;2;;1;;3;;2;;2;;2
Livy Cummings;200;3.0;5;10.0;3;16.0;2;2.0;2;5.0;1;19.0;3;17.0;2;5.0;2;3.0;2
Lamar Gyngyll;201;17.0;5;1.0;3;16.0;2;7.0;2;8.0;1;20.0;3;17.0;2;17.0;2;6.0;2
Jacintha Gorini;202;;5;;3;;2;;2;;1;;3;;2;;2;;2
Eliza Newiss;203;20.0;5;9.0;3;12.0;2;0.0;2;11.0;1;11.0;3;0.0;2;0.0;2;10.0;2
Pascale Reeken;204;1.0;5;6.0;3;20.0;2;11.0;2;2.0;1;13.0;3;7.0;2;1.0;2;4.0;2
Nola Erricker;205;19.0;5;11.0;3;4.0;2;7.0;2;10.0;1;15.0;3;0.0;2;5.0;2;3.0;2
Gennie Schulter;206;20.0;5;6.0;3;7.0;2;3.0;2;1.0;1;20.0;3;9.0;2;10.0;2;10.0;2
Shantee Lievesley;207;7.0;5;0.0;3;18.0;2;11.0;2;5.0;1;12.0;3;12.0;2;5.0;2;9.0;2
Merla Whatmough;208;;5;;3;;2;;2;;1;;3;;2;;2;;2
Aline Godthaab;209;2.0;5;19.0;3;11.0;2;6.0;2;8.0;1;19.0;3;8.0;2;5.0;2;15.0;2
Price Eller;210;;5;;3;;2;;2;;1;;3;;2;;2;;2
Dita Truswell;211;;5;;3;;2;;2;;1;;3;;2;;2;;2
Dallas Ridehalgh;212;7.0;5;14.0;3;5.0;2;3.0;2;19.0;1;15.0;3;6.0;2;13.0;2;5.0;2
Cicily Corzon;213;14.0;5;18.0;3;5.0;2;4.0;2;1.0;1;1.0;3;14.0;2;13.0;2;5.0;2
Georgena Limpkin;214;8.0;5;9.0;3;0.0;2;8.0;2;18.0;1;3.0;3;3.0;2;10.0;2;8.0;2
Boony Jakes;215;15.0;5;4.0;3;9.0;2;6.0;2;8.0;1;1.0;3;20.0;2;16.0;2;17.0;2
Hynda Braybrooke;216;;5;;3;;2;;2;;1;;3;;2;;2;;2
John Spain-Gower;217;0.0;5;7.0;3;4.0;2;16.0;2;15.0;1;5.0;3;16.0;2;16.0;2;11.0;2
Laurent Coxwell;218;4.0;5;20.0;3;19.0;2;11.0;2;17.0;1;15.0;3;5.0;2;12.0;2;7.0;2
Marius Van den Bosch;219;;5;;3;;2;;2;;1;;3;;2;;2;;2
Nate Freyne;220;;5;;3;;2;;2;;1;;3;;2;;2;;2
Krysta Crehan;221;13.0;5;14.0;3;2.0;2;13.0;2;20.0;1;19.0;3;9.0;2;13.0;2;20.0;2
Morie Duckering;222;1.0;5;15.0;3;2.0;2;18.0;2;12.0;1;7.0;3;19.0;2;4.0;2;2.0;2
Germain Ashfold;223;4.0;5;15.0;3;8.0;2;6.0;2;7.0;1;16.0;3;18.0;2;20.0;2;7.0;2
Shaine Stiller;224;5.0;5;3.0;3;13.0;2;2.0;2;6.0;1;4.0;3;5.0;2;9.0;2;4.0;2
Gib Kaspar;225;8.0;5;19.0;3;5.0;2;14.0;2;9.0;1;16.0;3;19.0;2;8.0;2;8.0;2
Kettie Evangelinos;226;6.0;5;6.0;3;0.0;2;5.0;2;10.0;1;10.0;3;5.0;2;14.0;2;16.0;2
Robers Oldred;227;;5;;3;;2;;2;;1;;3;;2;;2;;2
Buddy D'eye;228;;5;;3;;2;;2;;1;;3;;2;;2;;2
Colette Pocklington;229;19.0;5;17.0;3;13.0;2;3.0;2;14.0;1;0.0;3;12.0;2;1.0;2;16.0;2
Fabio Windham;230;16.0;5;15.0;3;4.0;2;19.0;2;15.0;1;3.0;3;14.0;2;9.0;2;12.0;2
Easter Giacomucci;231;;5;;3;;2;;2;;1;;3;;2;;2;;2
Ivy Placide;232;1.0;5;11.0;3;2.0;2;15.0;2;19.0;1;15.0;3;7.0;2;18.0;2;3.0;2
Rand Jellybrand;233;6.0;5;4.0;3;16.0;2;9.0;2;9.0;1;4.0;3;4.0;2;7.0;2;2.0;2
Vickie Box;234;20.0;5;17.0;3;20.0;2;10.0;2;18.0;1;8.0;3;2.0;2;6.0;2;18.0;2
Jehu Pitfield;235;4.0;5;10.0;3;15.0;2;12.0;2;15.0;1;6.0;3;16.0;2;1.0;2;3.0;2
Ferd Debenham;236;;5;;3;;2;;2;;1;;3;;2;;2;;2
Zed Malone;237;17.0;5;7.0;3;2.0;2;6.0;2;4.0;1;14.0;3;17.0;2;1.0;2;16.0;2
Jase Borman;238;;5;;3;;2;;2;;1;;3;;2;;2;;2
Codie Maurice;239;;5;;3;;2;;2;;1;;3;;2;;2;;2
Lorilyn Whitwham;240;16.0;5;16.0;3;12.0;2;15.0;2;17.0;1;3.0;3;2.0;2;15.0;2;15.0;2
Giselbert Goodday;241;4.0;5;10.0;3;12.0;2;0.0;2;6.0;1;11.0;3;2.0;2;10.0;2;1.0;2
Emelia Sizeland;242;;5;;3;;2;;2;;1;;3;;2;;2;;2
Benjie Sale;243;19.0;5;12.0;3;12.0;2;14.0;2;0.0;1;1.0;3;5.0;2;5.0;2;8.0;2
Noel Hercules;244;15.0;5;5.0;3;5.0;2;18.0;2;7.0;1;14.0;3;12.0;2;17.0;2;20.0;2
Carlin Sail;245;;5;;3;;2;;2;;1;;3;;2;;2;;2
Harp Delmage;246;18.0;5;14.0;3;6.0;2;11.0;2;2.0;1;13.0;3;6.0;2;16.0;2;19.0;2
Penny Casper;247;5.0;5;0.0;3;0.0;2;10.0;2;16.0;1;14.0;3;7.0;2;14.0;2;1.0;2
Lurleen Martinek;248;10.0;5;6.0;3;19.0;2;16.0;2;16.0;1;4.0;3;10.0;2;19.0;2;6.0;2
Jeanne Rishbrook;249;15.0;5;10.0;3;20.0;2;11.0;2;0.0;1;18.0;3;0.0;2;19.0;2;3.0;2
Eulalie Shorter;250;18.0;5;11.0;3;8.0;2;1.0;2;0.0;1;7.0;3;8.0;2;6.0;2;7.0;2
Jacinda Lockier;251;16.0;5;14.0;3;1.0;2;4.0;2;15.0;1;9.0;3;16.0;2;10.0;2;20.0;2
Horten Brewers;252;7.0;5;4.0;3;6.0;2;3.0;2;2.0;1;19.0;3;3.0;2;17.0;2;19.0;2
Karyn Smorthwaite;253;18.0;5;10.0;3;20.0;2;9.0;2;11.0;1;0.0;3;11.0;2;5.0;2;19.0;2
Hanson Domanek;254;5.0;5;18.0;3;5.0;2;20.0;2;14.0;1;15.0;3;14.0;2;7.0;2;8.0;2
Cello Evitt;255;6.0;5;10.0;3;0.0;2;20.0;2;3.0;1;9.0;3;14.0;2;18.0;2;20.0;2
Consalve Withnall;256;7.0;5;18.0;3;4.0;2;8.0;2;5.0;1;4.0;3;3.0;2;9.0;2;13.0;2
Ettie Wingfield;257;13.0;5;7.0;3;12.0;2;10.0;2;1.0;1;20.0;3;11.0;2;8.0;2;10.0;2
Aeriell Bysouth;258;18.0;5;18.0;3;7.0;2;11.0;2;13.0;1;16.0;3;11.0;2;6.0;2;17.0;2
Amitie Boddie;259;1.0;5;15.0;3;6.0;2;12.0;2;7.0;1;17.0;3;2.0;2;0.0;2;9.0;2
Pieter Faye;260;4.0;5;10.0;3;5.0;2;17.0;2;15.0;1;3.0;3;16.0;2;18.0;2;7.0;2
Silva Hearon;261;;5;;3;;2;;2;;1;;3;;2;;2;;2
Anna Furmonger;262;19.0;5;6.0;3;7.0;2;19.0;2;10.0;1;13.0;3;9.0;2;14.0;2;8.0;2
Pepillo Secombe;263;8.0;5;6.0;3;13.0;2;2.0;2;18.0;1;18.0;3;19.0;2;12.0;2;14.0;2
Edi Maeer;264;;5;;3;;2;;2;;1;;3;;2;;2;;2
Octavius Panting;265;;5;;3;;2;;2;;1;;3;;2;;2;;2
Jule Somerton;266;;5;;3;;2;;2;;1;;3;;2;;2;;2
Ferrel Bollum;267;7.0;5;17.0;3;16.0;2;5.0;2;9.0;1;6.0;3;20.0;2;5.0;2;15.0;2
Thea Kelly;268;14.0;5;2.0;3;15.0;2;17.0;2;13.0;1;19.0;3;10.0;2;2.0;2;18.0;2
Maxwell Chessell;269;13.0;5;9.0;3;4.0;2;17.0;2;20.0;1;1.0;3;6.0;2;1.0;2;16.0;2
Bessie Cains;270;7.0;5;6.0;3;3.0;2;18.0;2;5.0;1;7.0;3;7.0;2;20.0;2;10.0;2
Amalle Gawn;271;4.0;5;9.0;3;18.0;2;8.0;2;11.0;1;12.0;3;16.0;2;9.0;2;14.0;2
Pru Farquhar;272;18.0;5;8.0;3;0.0;2;13.0;2;12.0;1;0.0;3;17.0;2;6.0;2;5.0;2
Rianon Denizet;273;10.0;5;5.0;3;0.0;2;8.0;2;9.0;1;18.0;3;3.0;2;7.0;2;0.0;2
Dorella Tuddall;274;18.0;5;19.0;3;1.0;2;3.0;2;1.0;1;12.0;3;16.0;2;20.0;2;14.0;2
Auberon Draysay;275;2.0;5;4.0;3;11.0;2;14.0;2;14.0;1;13.0;3;13.0;2;14.0;2;13.0;2
Issie Bugge;276;3.0;5;10.0;3;17.0;2;4.0;2;2.0;1;8.0;3;13.0;2;4.0;2;15.0;2
Elvin Aleksandrev;277;12.0;5;12.0;3;14.0;2;12.0;2;16.0;1;3.0;3;13.0;2;15.0;2;20.0;2
Locke Arkell;278;20.0;5;11.0;3;5.0;2;19.0;2;6.0;1;13.0;3;16.0;2;0.0;2;8.0;2
Horatio Beauly;279;;5;;3;;2;;2;;1;;3;;2;;2;;2
Benedict Agostini;280;11.0;5;20.0;3;19.0;2;16.0;2;1.0;1;18.0;3;0.0;2;14.0;2;19.0;2
Francis Folbige;281;16.0;5;16.0;3;4.0;2;0.0;2;12.0;1;7.0;3;4.0;2;20.0;2;19.0;2
Nye Martelet;282;12.0;5;16.0;3;20.0;2;20.0;2;17.0;1;14.0;3;18.0;2;20.0;2;6.0;2
Evelina Condon;283;17.0;5;7.0;3;3.0;2;1.0;2;5.0;1;1.0;3;9.0;2;4.0;2;15.0;2
Bethanne Drinkwater;284;;5;;3;;2;;2;;1;;3;;2;;2;;2
Hamil Cruce;285;4.0;5;0.0;3;8.0;2;15.0;2;20.0;1;4.0;3;15.0;2;8.0;2;5.0;2
Penn Briscow;286;4.0;5;10.0;3;5.0;2;6.0;2;0.0;1;2.0;3;12.0;2;12.0;2;1.0;2
Ryann Bucky;287;;5;;3;;2;;2;;1;;3;;2;;2;;2
Sterne Reasun;288;;5;;3;;2;;2;;1;;3;;2;;2;;2
Brigitte Ellsworthe;289;11.0;5;17.0;3;19.0;2;10.0;2;1.0;1;8.0;3;13.0;2;10.0;2;8.0;2
Tonye Dowson;290;18.0;5;11.0;3;5.0;2;12.0;2;6.0;1;0.0;3;16.0;2;13.0;2;13.0;2
Constance Jalland;291;6.0;5;0.0;3;2.0;2;18.0;2;20.0;1;5.0;3;15.0;2;1.0;2;17.0;2
Elladine Ayliffe;292;1.0;5;9.0;3;13.0;2;7.0;2;19.0;1;11.0;3;16.0;2;5.0;2;12.0;2
Shep Jenton;293;;5;;3;;2;;2;;1;;3;;2;;2;;2
Luce Derle;294;9.0;5;19.0;3;9.0;2;7.0;2;7.0;1;17.0;3;14.0;2;7.0;2;17.0;2
Morissa Maffi;295;19.0;5;19.0;3;9.0;2;2.0;2;0.0;1;4.0;3;9.0;2;1.0;2;5.0;2
Alix Gobolos;296;2.0;5;14.0;3;8.0;2;20.0;2;5.0;1;2.0;3;5.0;2;3.0;2;3.0;2
Elisabeth Batham;297;;5;;3;;2;;2;;1;;3;;2;;2;;2
Elwood Leedal;298;3.0;5;18.0;3;1.0;2;14.0;2;14.0;1;10.0;3;13.0;2;10.0;2;13.0;2
Boot Thomlinson;299;15.0;5;3.0;3;9.0;2;19.0;2;4.0;1;4.0;3;0.0;2;9.0;2;6.0;2
Jacky Jackways;300;13.0;5;3.0;3;9.0;2;15.0;2;10.0;1;20.0;3;14.0;2;19.0;2;12.0;2
Haslett Stansby;301;15.0;5;5.0;3;8.0;2;12.0;2;8.0;1;14.0;3;16.0;2;13.0;2;18.0;2
Conrade Maccaddie;302;;5;;3;;2;;2;;1;;3;;2;;2;;2
Malva Ziem;303;19.0;5;11.0;3;0.0;2;8.0;2;6.0;1;11.0;3;20.0;2;12.0;2;15.0;2
Nevsa Griffiths;304;7.0;5;11.0;3;0.0;2;15.0;2;12.0;1;1.0;3;12.0;2;18.0;2;9.0;2
Cass Stoffler;305;13.0;5;5.0;3;17.0;2;4.0;2;16.0;1;8.0;3;20.0;2;9.0;2;6.0;2
Merilyn Challen;306;11.0;5;17.0;3;12.0;2;16.0;2;14.0;1;14.0;3;5.0;2;12.0;2;11.0;2
Dur Gaskell;307;9.0;5;14.0;3;9.0;2;13.0;2;7.0;1;13.0;3;11.0;2;10.0;2;14.0;2
Cob Leglise;308;13.0;5;5.0;3;9.0;2;0.0;2;10.0;1;20.0;3;5.0;2;1.0;2;19.0;2
Amandie Rolin;309;7.0;5;8.0;3;1.0;2;5.0;2;12.0;1;9.0;3;3.0;2;16.0;2;2.0;2
Erhart Jailler;310;3.0;5;5.0;3;14.0;2;19.0;2;17.0;1;5.0;3;14.0;2;8.0;2;4.0;2
Stephannie Raper;311;18.0;5;0.0;3;15.0;2;16.0;2;6.0;1;17.0;3;10.0;2;11.0;2;2.0;2
Madalyn Cornell;312;3.0;5;13.0;3;18.0;2;19.0;2;15.0;1;9.0;3;3.0;2;4.0;2;0.0;2
Solly Stodhart;313;11.0;5;17.0;3;8.0;2;12.0;2;6.0;1;10.0;3;1.0;2;5.0;2;9.0;2
Pinchas Blabie;314;12.0;5;17.0;3;15.0;2;16.0;2;12.0;1;8.0;3;1.0;2;10.0;2;19.0;2
Mead Pavett;315;2.0;5;14.0;3;6.0;2;19.0;2;2.0;1;13.0;3;19.0;2;14.0;2;17.0;2
Mavra Harron;316;8.0;5;20.0;3;16.0;2;2.0;2;3.0;1;16.0;3;11.0;2;15.0;2;1.0;2
George Spirit;317;12.0;5;18.0;3;20.0;2;7.0;2;8.0;1;2.0;3;4.0;2;6.0;2;20.0;2
Terri MacIan;318;0.0;5;19.0;3;16.0;2;11.0;2;10.0;1;4.0;3;6.0;2;16.0;2;10.0;2
Davon Hegg;319;;5;;3;;2;;2;;1;;3;;2;;2;;2
Bat Shorland;320;5.0;5;14.0;3;19.0;2;20.0;2;11.0;1;5.0;3;19.0;2;18.0;2;0.0;2
Leroy Gludor;321;0.0;5;20.0;3;4.0;2;0.0;2;3.0;1;15.0;3;9.0;2;18.0;2;12.0;2
Klarika De Anesy;322;0.0;5;15.0;3;12.0;2;16.0;2;11.0;1;3.0;3;3.0;2;8.0;2;17.0;2
Eydie Ives;323;18.0;5;14.0;3;5.0;2;8.0;2;11.0;1;9.0;3;18.0;2;0.0;2;11.0;2
Clarey Lovegrove;324;;5;;3;;2;;2;;1;;3;;2;;2;;2
Sada Ashmore;325;2.0;5;13.0;3;12.0;2;7.0;2;4.0;1;20.0;3;2.0;2;13.0;2;8.0;2
Kay Deviney;326;1.0;5;18.0;3;11.0;2;12.0;2;14.0;1;18.0;3;18.0;2;2.0;2;19.0;2
Tremaine Clowser;327;14.0;5;5.0;3;8.0;2;11.0;2;19.0;1;16.0;3;1.0;2;8.0;2;15.0;2
Corabel Seear;328;;5;;3;;2;;2;;1;;3;;2;;2;;2
Gauthier Winspeare;329;19.0;5;9.0;3;4.0;2;1.0;2;18.0;1;19.0;3;5.0;2;7.0;2;5.0;2
Candis Jaume;330;20.0;5;13.0;3;18.0;2;12.0;2;14.0;1;0.0;3;4.0;2;5.0;2;15.0;2
Frazer Haslehurst;331;;5;;3;;2;;2;;1;;3;;2;;2;;2
Merna Adess;332;3.0;5;14.0;3;20.0;2;17.0;2;7.0;1;6.0;3;10.0;2;9.0;2;2.0;2
Megan Dilgarno;333;8.0;5;15.0;3;14.0;2;5.0;2;6.0;1;18.0;3;12.0;2;18.0;2;12.0;2
Salli Coulthard;334;7.0;5;6.0;3;2.0;2;7.0;2;19.0;1;3.0;3;12.0;2;12.0;2;0.0;2
Truman Swendell;335;0.0;5;4.0;3;10.0;2;1.0;2;6.0;1;7.0;3;15.0;2;12.0;2;8.0;2
Nichole Humble;336;13.0;5;10.0;3;18.0;2;0.0;2;12.0;1;17.0;3;13.0;2;10.0;2;19.0;2
Nissie Tomaini;337;;5;;3;;2;;2;;1;;3;;2;;2;;2
Shaina Wankling;338;;5;;3;;2;;2;;1;;3;;2;;2;;2
Damian Lawranson;339;9.0;5;6.0;3;18.0;2;0.0;2;18.0;1;2.0;3;3.0;2;19.0;2;3.0;2
Damaris Muneely;340;16.0;5;6.0;3;13.0;2;18.0;2;11.0;1;14.0;3;6.0;2;2.0;2;17.0;2
Nickolai Chettle;341;16.0;5;19.0;3;11.0;2;0.0;2;0.0;1;12.0;3;0.0;2;6.0;2;13.0;2
Marsiella Dracksford;342;4.0;5;14.0;3;0.0;2;12.0;2;12.0;1;20.0;3;10.0;2;5.0;2;4.0;2
Birdie Joska;343;3.0;5;14.0;3;20.0;2;10.0;2;18.0;1;14.0;3;17.0;2;6.0;2;11.0;2
Morton Goymer;344;10.0;5;20.0;3;17.0;2;18.0;2;13.0;1;10.0;3;9.0;2;3.0;2;8.0;2
Ingunna Blasiak;345;3.0;5;2.0;3;6.0;2;16.0;2;9.0;1;3.0;3;11.0;2;7.0;2;5.0;2
Xylia Abelwhite;346;;5;;3;;2;;2;;1;;3;;2;;2;;2
Lauretta Edmund;347;0.0;5;20.0;3;14.0;2;16.0;2;11.0;1;2.0;3;14.0;2;6.0;2;8.0;2
Andris Prothero;348;16.0;5;14.0;3;16.0;2;18.0;2;16.0;1;3.0;3;13.0;2;1.0;2;6.0;2
Janek Danko;349;2.0;5;9.0;3;8.0;2;4.0;2;13.0;1;7.0;3;11.0;2;6.0;2;11.0;2
Asher Keeffe;350;7.0;5;1.0;3;16.0;2;19.0;2;1.0;1;11.0;3;0.0;2;19.0;2;8.0;2
Sanson Inkpin;351;;5;;3;;2;;2;;1;;3;;2;;2;;2
Merlina Hartshorn;352;9.0;5;4.0;3;10.0;2;4.0;2;2.0;1;1.0;3;15.0;2;6.0;2;15.0;2
Elisabetta Dunnet;353;;5;;3;;2;;2;;1;;3;;2;;2;;2
Garrot Airdrie;354;10.0;5;20.0;3;18.0;2;15.0;2;15.0;1;16.0;3;8.0;2;17.0;2;11.0;2
Rasla Fishbourne;355;;5;;3;;2;;2;;1;;3;;2;;2;;2
Harris Jirik;356;;5;;3;;2;;2;;1;;3;;2;;2;;2
Mari Dawson;357;7.0;5;14.0;3;8.0;2;8.0;2;2.0;1;1.0;3;6.0;2;7.0;2;4.0;2
Cesaro Grayshan;358;10.0;5;18.0;3;0.0;2;16.0;2;13.0;1;14.0;3;8.0;2;17.0;2;19.0;2
Regine Woodroofe;359;;5;;3;;2;;2;;1;;3;;2;;2;;2
Peyton Pollack;360;13.0;5;15.0;3;12.0;2;16.0;2;19.0;1;8.0;3;14.0;2;3.0;2;6.0;2
Gusta Castanyer;361;1.0;5;17.0;3;9.0;2;11.0;2;18.0;1;11.0;3;15.0;2;7.0;2;6.0;2
Mohandis Fullylove;362;19.0;5;16.0;3;3.0;2;4.0;2;1.0;1;6.0;3;2.0;2;2.0;2;8.0;2
Katey Notley;363;;5;;3;;2;;2;;1;;3;;2;;2;;2
Corrie Stelli;364;;5;;3;;2;;2;;1;;3;;2;;2;;2
Dannel Mallabon;365;19.0;5;14.0;3;17.0;2;3.0;2;3.0;1;12.0;3;10.0;2;0.0;2;7.0;2
Obadiah Cudd;366;7.0;5;3.0;3;13.0;2;15.0;2;16.0;1;11.0;3;20.0;2;1.0;2;8.0;2
Gay Hagstone;367;19.0;5;0.0;3;15.0;2;12.0;2;13.0;1;6.0;3;17.0;2;2.0;2;2.0;2
Milka Bigham;368;6.0;5;19.0;3;3.0;2;18.0;2;5.0;1;6.0;3;17.0;2;20.0;2;12.0;2
Faun Domnin;369;0.0;5;6.0;3;13.0;2;19.0;2;19.0;1;18.0;3;13.0;2;14.0;2;16.0;2
Roseanne Soar;370;4.0;5;17.0;3;3.0;2;7.0;2;15.0;1;3.0;3;1.0;2;2.0;2;11.0;2
Lizzie Fookes;371;20.0;5;18.0;3;14.0;2;11.0;2;6.0;1;13.0;3;4.0;2;14.0;2;11.0;2
Elfrida Piechnik;372;;5;;3;;2;;2;;1;;3;;2;;2;;2
Babbette Wilbore;373;14.0;5;19.0;3;2.0;2;14.0;2;5.0;1;12.0;3;18.0;2;17.0;2;9.0;2
Kenny Sawford;374;8.0;5;6.0;3;20.0;2;19.0;2;15.0;1;17.0;3;13.0;2;4.0;2;19.0;2
Chelsy Temple;375;15.0;5;17.0;3;10.0;2;5.0;2;5.0;1;8.0;3;16.0;2;20.0;2;2.0;2
Sherri Noke;376;13.0;5;13.0;3;7.0;2;18.0;2;6.0;1;9.0;3;12.0;2;0.0;2;6.0;2
Fraze Lukehurst;377;19.0;5;17.0;3;20.0;2;3.0;2;8.0;1;3.0;3;7.0;2;10.0;2;11.0;2
Frederique Instock;378;17.0;5;7.0;3;14.0;2;20.0;2;10.0;1;18.0;3;11.0;2;5.0;2;7.0;2
Myer Whittenbury;379;;5;;3;;2;;2;;1;;3;;2;;2;;2
Ara Allender;380;;5;;3;;2;;2;;1;;3;;2;;2;;2
Chrysa Skeermor;381;10.0;5;0.0;3;19.0;2;16.0;2;2.0;1;10.0;3;4.0;2;17.0;2;13.0;2
Creight Riedel;382;2.0;5;20.0;3;14.0;2;17.0;2;1.0;1;16.0;3;16.0;2;10.0;2;16.0;2
Kellsie Cope;383;4.0;5;10.0;3;14.0;2;11.0;2;5.0;1;6.0;3;20.0;2;17.0;2;18.0;2
Corinna Olsen;384;19.0;5;14.0;3;19.0;2;4.0;2;6.0;1;7.0;3;2.0;2;14.0;2;13.0;2
Jeannine Bowart;385;5.0;5;11.0;3;7.0;2;12.0;2;14.0;1;6.0;3;8.0;2;3.0;2;18.0;2
Leyla Totterdell;386;15.0;5;15.0;3;1.0;2;18.0;2;6.0;1;8.0;3;1.0;2;0.0;2;15.0;2
Joletta Fitzmaurice;387;20.0;5;19.0;3;19.0;2;15.0;2;4.0;1;8.0;3;18.0;2;5.0;2;11.0;2
Marie-ann Jewell;388;14.0;5;5.0;3;3.0;2;10.0;2;6.0;1;18.0;3;14.0;2;0.0;2;9.0;2
Eleen Chavey;389;18.0;5;17.0;3;17.0;2;13.0;2;0.0;1;10.0;3;6.0;2;18.0;2;15.0;2
Leif Lanigan;390;8.0;5;5.0;3;11.0;2;4.0;2;19.0;1;8.0;3;16.0;2;20.0;2;4.0;2
Joey Ferras;391;15.0;5;7.0;3;5.0;2;2.0;2;9.0;1;2.0;3;0.0;2;10.0;2;16.0;2
Amory Giovannacci;392;19.0;5;20.0;3;5.0;2;9.0;2;8.0;1;3.0;3;14.0;2;16.0;2;1.0;2
Rollins Simukov;393;14.0;5;5.0;3;0.0;2;6.0;2;17.0;1;10.0;3;11.0;2;14.0;2;11.0;2
Hermy Muslim;394;7.0;5;18.0;3;5.0;2;8.0;2;2.0;1;7.0;3;11.0;2;18.0;2;3.0;2
Saxon Blanchette;395;8.0;5;2.0;3;18.0;2;4.0;2;17.0;1;8.0;3;3.0;2;4.0;2;5.0;2
Salome Swainston;396;9.0;5;17.0;3;15.0;2;15.0;2;7.0;1;8.0;3;12.0;2;18.0;2;17.0;2
Ulrika Anthonies;397;19.0;5;13.0;3;15.0;2;2.0;2;2.0;1;5.0;3;8.0;2;19.0;2;14.0;2
Byrann Mapam;398;;5;;3;;2;;2;;1;;3;;2;;2;;2
Issie Lock;399;;5;;3;;2;;2;;1;;3;;2;;2;;2
Alyss Dominighi;400;2.0;5;15.0;3;9.0;2;7.0;2;20.0;1;3.0;3;15.0;2;14.0;2;7.0;2
Ches Sandy;401;20.0;5;17.0;3;10.0;2;15.0;2;9.0;1;16.0;3;9.0;2;5.0;2;16.0;2
Jerrilee Doherty;402;7.0;5;16.0;3;6.0;2;2.0;2;9.0;1;10.0;3;15.0;2;15.0;2;4.0;2
Teressa Dullingham;403;18.0;5;18.0;3;8.0;2;15.0;2;9.0;1;6.0;3;4.0;2;12.0;2;11.0;2
King Joe;404;1.0;5;15.0;3;7.0;2;15.0;2;0.0;1;5.0;3;2.0;2;15.0;2;9.0;2
Tracey Dunnan;405;14.0;5;18.0;3;3.0;2;8.0;2;7.0;1;5.0;3;6.0;2;19.0;2;18.0;2
Cristobal Tutton;406;5.0;5;5.0;3;2.0;2;14.0;2;17.0;1;6.0;3;11.0;2;1.0;2;20.0;2
Cori Keal;407;12.0;5;20.0;3;14.0;2;6.0;2;4.0;1;9.0;3;5.0;2;20.0;2;12.0;2
Farah Hearne;408;5.0;5;0.0;3;9.0;2;11.0;2;15.0;1;13.0;3;9.0;2;7.0;2;17.0;2
Floria Limon;409;3.0;5;6.0;3;4.0;2;4.0;2;13.0;1;7.0;3;16.0;2;20.0;2;18.0;2
Genevra Bambrick;410;14.0;5;13.0;3;15.0;2;3.0;2;1.0;1;11.0;3;17.0;2;6.0;2;9.0;2
Jeddy Clee;411;4.0;5;16.0;3;5.0;2;6.0;2;8.0;1;11.0;3;13.0;2;11.0;2;2.0;2
Joshua Ekell;412;;5;;3;;2;;2;;1;;3;;2;;2;;2
Daisi Gilkison;413;0.0;5;9.0;3;3.0;2;15.0;2;14.0;1;11.0;3;14.0;2;10.0;2;15.0;2
Cherlyn Adamsson;414;12.0;5;15.0;3;5.0;2;19.0;2;15.0;1;4.0;3;15.0;2;9.0;2;9.0;2
Melina McCrostie;415;;5;;3;;2;;2;;1;;3;;2;;2;;2
Geno Dandy;416;17.0;5;15.0;3;9.0;2;19.0;2;1.0;1;4.0;3;13.0;2;13.0;2;5.0;2
Beitris Goudman;417;;5;;3;;2;;2;;1;;3;;2;;2;;2
Heda Persehouse;418;12.0;5;17.0;3;20.0;2;7.0;2;0.0;1;16.0;3;6.0;2;2.0;2;1.0;2
Andie Arnhold;419;4.0;5;4.0;3;20.0;2;15.0;2;6.0;1;6.0;3;5.0;2;6.0;2;15.0;2
Emmaline Radleigh;420;15.0;5;18.0;3;3.0;2;5.0;2;13.0;1;8.0;3;8.0;2;15.0;2;11.0;2
Tammie Kenion;421;12.0;5;1.0;3;3.0;2;0.0;2;20.0;1;6.0;3;7.0;2;5.0;2;1.0;2
Keith Lante;422;19.0;5;17.0;3;13.0;2;8.0;2;10.0;1;20.0;3;11.0;2;3.0;2;13.0;2
Tessa Goodanew;423;3.0;5;7.0;3;0.0;2;20.0;2;13.0;1;8.0;3;19.0;2;10.0;2;5.0;2
Junie Mapledoore;424;;5;;3;;2;;2;;1;;3;;2;;2;;2
Niven Test;425;16.0;5;20.0;3;12.0;2;12.0;2;6.0;1;17.0;3;6.0;2;5.0;2;10.0;2
Tandy Endon;426;;5;;3;;2;;2;;1;;3;;2;;2;;2
Purcell Flecknell;427;17.0;5;2.0;3;3.0;2;3.0;2;13.0;1;0.0;3;2.0;2;17.0;2;6.0;2
Bartholemy Maxfield;428;2.0;5;7.0;3;4.0;2;18.0;2;15.0;1;19.0;3;8.0;2;12.0;2;16.0;2
Charlean Tarry;429;6.0;5;16.0;3;2.0;2;14.0;2;2.0;1;19.0;3;6.0;2;19.0;2;11.0;2
Martguerita Needham;430;;5;;3;;2;;2;;1;;3;;2;;2;;2
Stillmann Goodswen;431;8.0;5;10.0;3;12.0;2;4.0;2;17.0;1;20.0;3;9.0;2;8.0;2;7.0;2
Michail MacCafferky;432;20.0;5;16.0;3;6.0;2;10.0;2;16.0;1;2.0;3;0.0;2;0.0;2;12.0;2
Chaunce Abramovitz;433;;5;;3;;2;;2;;1;;3;;2;;2;;2
Cordie Dawdry;434;13.0;5;16.0;3;3.0;2;18.0;2;11.0;1;18.0;3;3.0;2;18.0;2;18.0;2
Kerrie Bruinemann;435;;5;;3;;2;;2;;1;;3;;2;;2;;2
Virgilio Grinter;436;7.0;5;3.0;3;0.0;2;9.0;2;18.0;1;15.0;3;4.0;2;9.0;2;13.0;2
Eberto Pulteneye;437;5.0;5;6.0;3;13.0;2;1.0;2;1.0;1;17.0;3;6.0;2;8.0;2;5.0;2
Kenn Cregan;438;15.0;5;5.0;3;15.0;2;13.0;2;13.0;1;12.0;3;2.0;2;5.0;2;15.0;2
Charlena O'Neil;439;14.0;5;11.0;3;7.0;2;20.0;2;4.0;1;15.0;3;1.0;2;12.0;2;14.0;2
Hugues Sitford;440;6.0;5;2.0;3;20.0;2;14.0;2;12.0;1;7.0;3;18.0;2;2.0;2;16.0;2
Mandel Bazoge;441;0.0;5;6.0;3;0.0;2;8.0;2;13.0;1;5.0;3;2.0;2;11.0;2;13.0;2
Toddy Presidey;442;14.0;5;17.0;3;4.0;2;6.0;2;5.0;1;16.0;3;15.0;2;7.0;2;10.0;2
Pepita Jeacocke;443;18.0;5;11.0;3;9.0;2;9.0;2;9.0;1;0.0;3;10.0;2;13.0;2;4.0;2
Hannah Godson;444;7.0;5;8.0;3;4.0;2;7.0;2;0.0;1;19.0;3;20.0;2;19.0;2;2.0;2
Issiah Burbury;445;;5;;3;;2;;2;;1;;3;;2;;2;;2
Winfred Gardner;446;4.0;5;7.0;3;19.0;2;4.0;2;16.0;1;13.0;3;14.0;2;13.0;2;9.0;2
Ingrid Holde;447;;5;;3;;2;;2;;1;;3;;2;;2;;2
Burlie Belchamber;448;12.0;5;18.0;3;20.0;2;7.0;2;20.0;1;4.0;3;8.0;2;17.0;2;12.0;2
Gretta McGaffey;449;;5;;3;;2;;2;;1;;3;;2;;2;;2
Karylin Jann;450;7.0;5;12.0;3;9.0;2;1.0;2;10.0;1;0.0;3;1.0;2;11.0;2;0.0;2
Daphna Wooton;451;4.0;5;20.0;3;2.0;2;5.0;2;8.0;1;11.0;3;18.0;2;2.0;2;10.0;2
Cari Clemenzi;452;18.0;5;19.0;3;9.0;2;12.0;2;19.0;1;8.0;3;13.0;2;15.0;2;3.0;2
Bonnibelle Bras;453;11.0;5;19.0;3;1.0;2;9.0;2;7.0;1;13.0;3;4.0;2;9.0;2;14.0;2
Nonnah Jancar;454;3.0;5;4.0;3;11.0;2;0.0;2;1.0;1;8.0;3;18.0;2;19.0;2;11.0;2
Darelle Zumbusch;455;1.0;5;0.0;3;15.0;2;0.0;2;2.0;1;5.0;3;4.0;2;18.0;2;5.0;2
Gabrila Rosbotham;456;16.0;5;13.0;3;14.0;2;12.0;2;7.0;1;0.0;3;10.0;2;16.0;2;17.0;2
My Mergue;457;10.0;5;8.0;3;1.0;2;7.0;2;4.0;1;17.0;3;18.0;2;11.0;2;16.0;2
Ray Livard;458;;5;;3;;2;;2;;1;;3;;2;;2;;2
Blanch Halligan;459;17.0;5;11.0;3;20.0;2;0.0;2;3.0;1;3.0;3;9.0;2;19.0;2;14.0;2
Emmerich Watkiss;460;17.0;5;1.0;3;15.0;2;19.0;2;8.0;1;20.0;3;1.0;2;11.0;2;11.0;2
Elita Scatchard;461;12.0;5;2.0;3;1.0;2;7.0;2;4.0;1;15.0;3;19.0;2;9.0;2;16.0;2
Michel Krishtopaittis;462;1.0;5;16.0;3;18.0;2;8.0;2;8.0;1;1.0;3;8.0;2;0.0;2;4.0;2
Gus Hamson;463;20.0;5;8.0;3;0.0;2;7.0;2;6.0;1;5.0;3;16.0;2;17.0;2;9.0;2
Sollie Casham;464;5.0;5;1.0;3;2.0;2;2.0;2;3.0;1;9.0;3;5.0;2;20.0;2;1.0;2
Eberhard Devon;465;5.0;5;4.0;3;15.0;2;14.0;2;15.0;1;18.0;3;13.0;2;5.0;2;3.0;2
Bettine Ales0;466;;5;;3;;2;;2;;1;;3;;2;;2;;2
Roanna Pendry;467;3.0;5;6.0;3;10.0;2;6.0;2;0.0;1;3.0;3;11.0;2;16.0;2;17.0;2
Michal Peattie;468;12.0;5;19.0;3;1.0;2;2.0;2;11.0;1;2.0;3;10.0;2;18.0;2;16.0;2
Rosemary Miners;469;19.0;5;10.0;3;8.0;2;10.0;2;19.0;1;12.0;3;10.0;2;3.0;2;8.0;2
Chancey Costock;470;;5;;3;;2;;2;;1;;3;;2;;2;;2
Arney Sauvage;471;18.0;5;19.0;3;6.0;2;18.0;2;19.0;1;3.0;3;2.0;2;0.0;2;7.0;2
Culver Emor;472;7.0;5;9.0;3;17.0;2;14.0;2;8.0;1;19.0;3;13.0;2;8.0;2;3.0;2
Grace Cozens;473;9.0;5;16.0;3;16.0;2;17.0;2;16.0;1;10.0;3;16.0;2;5.0;2;19.0;2
Yorker Splevings;474;13.0;5;4.0;3;17.0;2;18.0;2;11.0;1;1.0;3;9.0;2;2.0;2;7.0;2
Gray Rothschild;475;3.0;5;2.0;3;12.0;2;0.0;2;1.0;1;13.0;3;13.0;2;18.0;2;17.0;2
Giorgio Boni;476;;5;;3;;2;;2;;1;;3;;2;;2;;2
Nilson Peers;477;1.0;5;1.0;3;8.0;2;5.0;2;14.0;1;9.0;3;0.0;2;1.0;2;6.0;2
Jed Hinks;478;;5;;3;;2;;2;;1;;3;;2;;2;;2
Adelheid Adin;479;9.0;5;18.0;3;18.0;2;8.0;2;17.0;1;14.0;3;19.0;2;2.0;2;13.0;2
Elli Wallas;480;;5;;3;;2;;2;;1;;3;;2;;2;;2
Jules Bourgour;481;6.0;5;0.0;3;9.0;2;17.0;2;3.0;1;7.0;3;15.0;2;0.0;2;11.0;2
Heywood Stigger;482;9.0;5;18.0;3;11.0;2;10.0;2;9.0;1;9.0;3;15.0;2;17.0;2;8.0;2
Odella Chritchlow;483;4.0;5;16.0;3;3.0;2;3.0;2;13.0;1;0.0;3;18.0;2;12.0;2;20.0;2
Shelden Hymor;484;;5;;3;;2;;2;;1;;3;;2;;2;;2
Warde Duxbarry;485;19.0;5;5.0;3;16.0;2;18.0;2;13.0;1;9.0;3;10.0;2;5.0;2;19.0;2
Isidoro Saiz;486;14.0;5;18.0;3;14.0;2;16.0;2;18.0;1;15.0;3;8.0;2;5.0;2;12.0;2
Matthus Bartusek;487;;5;;3;;2;;2;;1;;3;;2;;2;;2
Melantha Trembley;488;5.0;5;0.0;3;4.0;2;20.0;2;17.0;1;15.0;3;7.0;2;20.0;2;11.0;2
Tomkin Day;489;16.0;5;17.0;3;19.0;2;18.0;2;11.0;1;17.0;3;19.0;2;14.0;2;0.0;2
Editha Upstone;490;6.0;5;1.0;3;4.0;2;19.0;2;14.0;1;9.0;3;12.0;2;16.0;2;6.0;2
Hollie Order;491;;5;;3;;2;;2;;1;;3;;2;;2;;2
Lexi Kellogg;492;2.0;5;17.0;3;19.0;2;16.0;2;7.0;1;1.0;3;7.0;2;10.0;2;9.0;2
Olivia Hannond;493;0.0;5;17.0;3;10.0;2;7.0;2;11.0;1;3.0;3;12.0;2;16.0;2;19.0;2
Audrye Meekings;494;;5;;3;;2;;2;;1;;3;;2;;2;;2
Manfred Black;495;6.0;5;10.0;3;7.0;2;3.0;2;5.0;1;5.0;3;11.0;2;10.0;2;12.0;2
Koo Rudd;496;8.0;5;0.0;3;13.0;2;2.0;2;20.0;1;5.0;3;17.0;2;0.0;2;8.0;2
Gertruda McDowall;497;19.0;5;12.0;3;18.0;2;10.0;2;15.0;1;2.0;3;20.0;2;7.0;2;11.0;2
Casey Slessor;498;1.0;5;11.0;3;7.0;2;19.0;2;11.0;1;17.0;3;10.0;2;9.0;2;2.0;2
Happy Ever;499;13.0;5;10.0;3;8.0;2;13.0;2;10.0;1;10.0;3;10.0;2;8.0;2;19.0;2
Drake Earingey;500;7.0;5;7.0;3;7.0;2;12.0;2;13.0;1;17.0;3;5.0;2;6.0;2;8.0;2
Wes MacKnockiter;501;;5;;3;;2;;2;;1;;3;;2;;2;;2
Catriona Pannaman;502;4.0;5;4.0;3;1.0;2;10.0;2;9.0;1;18.0;3;17.0;2;10.0;2;4.0;2
Tadio Lorenzetto;503;7.0;5;17.0;3;2.0;2;6.0;2;3.0;1;4.0;3;1.0;2;6.0;2;15.0;2
Jayme Hanner;504;;5;;3;;2;;2;;1;;3;;2;;2;;2
Clarence Liverseege;505;7.0;5;16.0;3;10.0;2;3.0;2;1.0;1;3.0;3;13.0;2;1.0;2;15.0;2
Nicolis Hylden;506;2.0;5;15.0;3;15.0;2;0.0;2;0.0;1;10.0;3;15.0;2;4.0;2;12.0;2
Barnabe Elster;507;7.0;5;12.0;3;8.0;2;14.0;2;0.0;1;18.0;3;11.0;2;10.0;2;3.0;2
Nigel Yitzowitz;508;6.0;5;6.0;3;0.0;2;6.0;2;1.0;1;0.0;3;19.0;2;9.0;2;12.0;2
Melitta Larrat;509;;5;;3;;2;;2;;1;;3;;2;;2;;2
Waldon McGuigan;510;17.0;5;19.0;3;16.0;2;19.0;2;3.0;1;15.0;3;14.0;2;17.0;2;3.0;2
Tye Springford;511;12.0;5;11.0;3;20.0;2;10.0;2;19.0;1;8.0;3;15.0;2;1.0;2;7.0;2
Cherrita Blaxeland;512;;5;;3;;2;;2;;1;;3;;2;;2;;2
Ilyse Hymers;513;2.0;5;17.0;3;5.0;2;4.0;2;18.0;1;3.0;3;19.0;2;14.0;2;18.0;2
Warren Schutter;514;19.0;5;0.0;3;20.0;2;17.0;2;19.0;1;3.0;3;9.0;2;18.0;2;1.0;2
Gusta Emmot;515;7.0;5;0.0;3;16.0;2;2.0;2;20.0;1;13.0;3;6.0;2;11.0;2;11.0;2
Kevina Bindley;516;10.0;5;10.0;3;13.0;2;1.0;2;0.0;1;5.0;3;6.0;2;16.0;2;7.0;2
Yolanda Kroll;517;;5;;3;;2;;2;;1;;3;;2;;2;;2
Gilbert Dufaire;518;;5;;3;;2;;2;;1;;3;;2;;2;;2
Loralyn Sander;519;15.0;5;9.0;3;5.0;2;9.0;2;10.0;1;17.0;3;11.0;2;1.0;2;3.0;2
Nicol Echallie;520;6.0;5;1.0;3;1.0;2;7.0;2;6.0;1;18.0;3;15.0;2;4.0;2;5.0;2
Amelie Wildey;521;2.0;5;2.0;3;9.0;2;16.0;2;6.0;1;13.0;3;18.0;2;16.0;2;7.0;2
Shayne Dulson;522;14.0;5;14.0;3;4.0;2;7.0;2;2.0;1;20.0;3;6.0;2;6.0;2;8.0;2
Johan Nicolson;523;20.0;5;15.0;3;6.0;2;2.0;2;13.0;1;11.0;3;3.0;2;19.0;2;14.0;2
Yard Baversor;524;5.0;5;2.0;3;8.0;2;8.0;2;20.0;1;10.0;3;11.0;2;19.0;2;2.0;2
Germain Camsey;525;18.0;5;0.0;3;13.0;2;2.0;2;7.0;1;17.0;3;8.0;2;9.0;2;0.0;2
Aurelie Moules;526;3.0;5;11.0;3;1.0;2;18.0;2;11.0;1;11.0;3;4.0;2;14.0;2;9.0;2
Dud Crum;527;;5;;3;;2;;2;;1;;3;;2;;2;;2
Augy Chamley;528;20.0;5;6.0;3;18.0;2;16.0;2;8.0;1;5.0;3;14.0;2;2.0;2;20.0;2
Billy Knox;529;;5;;3;;2;;2;;1;;3;;2;;2;;2
Heidie Blackwood;530;;5;;3;;2;;2;;1;;3;;2;;2;;2
Thorsten Gilmour;531;1.0;5;17.0;3;5.0;2;18.0;2;0.0;1;11.0;3;1.0;2;13.0;2;6.0;2
Kimbra Robins;532;17.0;5;13.0;3;12.0;2;1.0;2;13.0;1;6.0;3;19.0;2;16.0;2;19.0;2
Ingrim Bridgen;533;;5;;3;;2;;2;;1;;3;;2;;2;;2
Worth Huntington;534;18.0;5;0.0;3;4.0;2;5.0;2;4.0;1;16.0;3;7.0;2;18.0;2;18.0;2
Jonis Tinklin;535;9.0;5;13.0;3;19.0;2;6.0;2;10.0;1;19.0;3;4.0;2;17.0;2;20.0;2
Nettle Massard;536;1.0;5;18.0;3;10.0;2;19.0;2;11.0;1;8.0;3;9.0;2;2.0;2;16.0;2
Celestia Fontaine;537;;5;;3;;2;;2;;1;;3;;2;;2;;2
Vladamir Swatheridge;538;4.0;5;11.0;3;5.0;2;13.0;2;19.0;1;10.0;3;14.0;2;6.0;2;20.0;2
Westleigh Beamson;539;11.0;5;11.0;3;10.0;2;19.0;2;19.0;1;8.0;3;8.0;2;5.0;2;10.0;2
Barbaraanne Westrip;540;;5;;3;;2;;2;;1;;3;;2;;2;;2
Rheta Giovanardi;541;13.0;5;5.0;3;4.0;2;17.0;2;13.0;1;20.0;3;13.0;2;20.0;2;17.0;2
Bret Gilbee;542;7.0;5;6.0;3;2.0;2;7.0;2;13.0;1;17.0;3;17.0;2;9.0;2;17.0;2
Starlene Ilyenko;543;18.0;5;2.0;3;13.0;2;20.0;2;4.0;1;8.0;3;3.0;2;1.0;2;5.0;2
Aldin Kerton;544;9.0;5;19.0;3;2.0;2;10.0;2;10.0;1;16.0;3;20.0;2;15.0;2;0.0;2
Jim Croney;545;18.0;5;5.0;3;7.0;2;11.0;2;7.0;1;4.0;3;10.0;2;10.0;2;16.0;2
Sal Goulden;546;10.0;5;10.0;3;14.0;2;13.0;2;1.0;1;17.0;3;9.0;2;10.0;2;19.0;2
Carlin Feare;547;;5;;3;;2;;2;;1;;3;;2;;2;;2
Lucio Weadick;548;11.0;5;0.0;3;16.0;2;18.0;2;14.0;1;8.0;3;2.0;2;9.0;2;5.0;2
Winfield Alphege;549;2.0;5;1.0;3;7.0;2;7.0;2;0.0;1;6.0;3;20.0;2;0.0;2;0.0;2
Dennet Mitchenson;550;6.0;5;15.0;3;13.0;2;4.0;2;17.0;1;0.0;3;2.0;2;7.0;2;6.0;2
Wilone Belliss;551;5.0;5;18.0;3;10.0;2;5.0;2;18.0;1;19.0;3;8.0;2;13.0;2;14.0;2
Royall Radcliffe;552;5.0;5;13.0;3;12.0;2;6.0;2;6.0;1;7.0;3;20.0;2;5.0;2;5.0;2
Lazare Devon;553;2.0;5;6.0;3;0.0;2;4.0;2;10.0;1;6.0;3;5.0;2;11.0;2;15.0;2
Nat Gillebert;554;5.0;5;4.0;3;2.0;2;12.0;2;3.0;1;7.0;3;19.0;2;8.0;2;7.0;2
Shannen Rosenbarg;555;;5;;3;;2;;2;;1;;3;;2;;2;;2
Hendrika Wathall;556;4.0;5;2.0;3;3.0;2;0.0;2;18.0;1;16.0;3;1.0;2;10.0;2;4.0;2
Gretel Paiton;557;;5;;3;;2;;2;;1;;3;;2;;2;;2
Lutero Banaszkiewicz;558;11.0;5;13.0;3;8.0;2;8.0;2;5.0;1;10.0;3;11.0;2;14.0;2;14.0;2
Gusta Pointin;559;;5;;3;;2;;2;;1;;3;;2;;2;;2
Caye Thomsen;560;9.0;5;6.0;3;18.0;2;19.0;2;10.0;1;14.0;3;10.0;2;0.0;2;8.0;2
Penn Bytheway;561;1.0;5;10.0;3;4.0;2;2.0;2;14.0;1;13.0;3;17.0;2;16.0;2;12.0;2
Marlow MacSorley;562;0.0;5;4.0;3;2.0;2;12.0;2;4.0;1;2.0;3;18.0;2;12.0;2;12.0;2
Clarance O'Regan;563;;5;;3;;2;;2;;1;;3;;2;;2;;2
Risa Garnam;564;;5;;3;;2;;2;;1;;3;;2;;2;;2
Zorina Cardoo;565;18.0;5;20.0;3;20.0;2;4.0;2;7.0;1;10.0;3;8.0;2;6.0;2;10.0;2
Linn Matten;566;9.0;5;19.0;3;11.0;2;14.0;2;3.0;1;10.0;3;3.0;2;17.0;2;12.0;2
Robin Dennitts;567;10.0;5;19.0;3;13.0;2;4.0;2;6.0;1;20.0;3;17.0;2;15.0;2;3.0;2
Madonna Ruddle;568;7.0;5;2.0;3;14.0;2;11.0;2;19.0;1;10.0;3;1.0;2;5.0;2;15.0;2
Anthea Ghilardini;569;6.0;5;8.0;3;13.0;2;12.0;2;6.0;1;15.0;3;3.0;2;19.0;2;20.0;2
Josie Saull;570;17.0;5;8.0;3;17.0;2;16.0;2;8.0;1;0.0;3;16.0;2;3.0;2;15.0;2
Burton Chanders;571;;5;;3;;2;;2;;1;;3;;2;;2;;2
Dewie Kernan;572;10.0;5;3.0;3;17.0;2;0.0;2;15.0;1;17.0;3;1.0;2;4.0;2;10.0;2
Lee Ruppert;573;;5;;3;;2;;2;;1;;3;;2;;2;;2
Dell Zettler;574;13.0;5;12.0;3;17.0;2;16.0;2;18.0;1;14.0;3;4.0;2;0.0;2;12.0;2
Markus Connachan;575;5.0;5;2.0;3;10.0;2;9.0;2;5.0;1;18.0;3;4.0;2;10.0;2;9.0;2
Orelia Barfford;576;5.0;5;3.0;3;9.0;2;9.0;2;18.0;1;1.0;3;20.0;2;17.0;2;9.0;2
Rupert Goodie;577;3.0;5;11.0;3;9.0;2;4.0;2;3.0;1;15.0;3;7.0;2;5.0;2;14.0;2
Kym Weond;578;18.0;5;8.0;3;17.0;2;16.0;2;7.0;1;1.0;3;1.0;2;4.0;2;13.0;2
Blane Picard;579;16.0;5;0.0;3;6.0;2;1.0;2;9.0;1;11.0;3;18.0;2;2.0;2;0.0;2
Kain Van Eeden;580;13.0;5;6.0;3;4.0;2;20.0;2;14.0;1;14.0;3;4.0;2;3.0;2;4.0;2
Heddie McElwee;581;14.0;5;4.0;3;12.0;2;1.0;2;5.0;1;11.0;3;15.0;2;9.0;2;14.0;2
Rana Harlow;582;9.0;5;5.0;3;2.0;2;14.0;2;1.0;1;2.0;3;7.0;2;4.0;2;16.0;2
Cris McGruar;583;17.0;5;15.0;3;8.0;2;18.0;2;6.0;1;19.0;3;11.0;2;6.0;2;0.0;2
Sher Stonman;584;;5;;3;;2;;2;;1;;3;;2;;2;;2
Cullie Wateridge;585;0.0;5;10.0;3;2.0;2;19.0;2;6.0;1;19.0;3;13.0;2;0.0;2;13.0;2
Marcy Drains;586;3.0;5;10.0;3;15.0;2;13.0;2;3.0;1;8.0;3;14.0;2;4.0;2;16.0;2
Garfield Andreacci;587;10.0;5;2.0;3;9.0;2;8.0;2;14.0;1;6.0;3;5.0;2;18.0;2;16.0;2
Daile Enterle;588;;5;;3;;2;;2;;1;;3;;2;;2;;2
Ewart Karpman;589;4.0;5;15.0;3;0.0;2;2.0;2;18.0;1;20.0;3;8.0;2;12.0;2;4.0;2
Vannie Fateley;590;19.0;5;12.0;3;12.0;2;2.0;2;15.0;1;6.0;3;18.0;2;9.0;2;19.0;2
Rowe Duesbury;591;4.0;5;7.0;3;16.0;2;9.0;2;2.0;1;0.0;3;13.0;2;3.0;2;12.0;2
Karyl Linscott;592;6.0;5;5.0;3;16.0;2;14.0;2;2.0;1;15.0;3;7.0;2;11.0;2;12.0;2
Kimbell Pilgram;593;13.0;5;7.0;3;6.0;2;9.0;2;7.0;1;13.0;3;0.0;2;4.0;2;5.0;2
Pieter Murney;594;14.0;5;20.0;3;20.0;2;17.0;2;18.0;1;16.0;3;16.0;2;3.0;2;6.0;2
Myrta Brolechan;595;5.0;5;0.0;3;17.0;2;20.0;2;1.0;1;7.0;3;7.0;2;17.0;2;9.0;2
Gerry De La Cote;596;7.0;5;15.0;3;3.0;2;11.0;2;8.0;1;17.0;3;7.0;2;1.0;2;1.0;2
Dougie Upham;597;13.0;5;17.0;3;6.0;2;11.0;2;17.0;1;12.0;3;15.0;2;19.0;2;20.0;2
Carrissa Abelevitz;598;;5;;3;;2;;2;;1;;3;;2;;2;;2
Trip Fazakerley;599;10.0;5;4.0;3;11.0;2;11.0;2;15.0;1;10.0;3;0.0;2;9.0;2;15.0;2
Gerta Maasze;600;19.0;5;0.0;3;20.0;2;9.0;2;11.0;1;3.0;3;9.0;2;10.0;2;14.0;2
Lydie Windmill;601;6.0;5;2.0;3;5.0;2;11.0;2;11.0;1;10.0;3;1.0;2;13.0;2;7.0;2
Jaquenetta Speare;602;3.0;5;17.0;3;6.0;2;14.0;2;17.0;1;12.0;3;14.0;2;18.0;2;9.0;2
Thornton Meyrick;603;14.0;5;16.0;3;7.0;2;17.0;2;20.0;1;2.0;3;1.0;2;14.0;2;16.0;2
Sherm Wagerfield;604;10.0;5;9.0;3;3.0;2;12.0;2;13.0;1;3.0;3;9.0;2;13.0;2;9.0;2
Shea Sacher;605;;5;;3;;2;;2;;1;;3;;2;;2;;2
Anabelle Mattersey;606;9.0;5;14.0;3;0.0;2;0.0;2;12.0;1;4.0;3;6.0;2;9.0;2;20.0;2
Pandora Cottom;607;;5;;3;;2;;2;;1;;3;;2;;2;;2
Reynard Fosten;608;6.0;5;5.0;3;15.0;2;2.0;2;16.0;1;20.0;3;19.0;2;3.0;2;17.0;2
Mary Izachik;609;17.0;5;3.0;3;20.0;2;1.0;2;16.0;1;18.0;3;8.0;2;9.0;2;19.0;2
Shandeigh Tofano;610;11.0;5;10.0;3;12.0;2;13.0;2;10.0;1;18.0;3;12.0;2;14.0;2;9.0;2
Yvor Calow;611;2.0;5;19.0;3;0.0;2;0.0;2;2.0;1;1.0;3;17.0;2;1.0;2;2.0;2
Dietrich Mincini;612;;5;;3;;2;;2;;1;;3;;2;;2;;2
Carmelita Hughill;613;1.0;5;20.0;3;20.0;2;12.0;2;15.0;1;12.0;3;6.0;2;17.0;2;19.0;2
Irwin Whitear;614;;5;;3;;2;;2;;1;;3;;2;;2;;2
Harmon Pavlovic;615;13.0;5;9.0;3;8.0;2;8.0;2;4.0;1;17.0;3;13.0;2;20.0;2;6.0;2
Emelita Need;616;15.0;5;12.0;3;20.0;2;3.0;2;13.0;1;13.0;3;14.0;2;16.0;2;17.0;2
Agretha Keems;617;3.0;5;19.0;3;4.0;2;8.0;2;16.0;1;12.0;3;12.0;2;5.0;2;16.0;2
Brittani Fayne;618;12.0;5;20.0;3;5.0;2;19.0;2;1.0;1;5.0;3;1.0;2;3.0;2;0.0;2
Aguistin Ornelas;619;12.0;5;13.0;3;12.0;2;13.0;2;17.0;1;1.0;3;3.0;2;11.0;2;4.0;2
Guillermo Beebis;620;17.0;5;20.0;3;1.0;2;20.0;2;6.0;1;13.0;3;7.0;2;18.0;2;5.0;2
Dag Greatex;621;20.0;5;5.0;3;2.0;2;1.0;2;14.0;1;14.0;3;3.0;2;0.0;2;6.0;2
Kaile Grishmanov;622;3.0;5;5.0;3;7.0;2;7.0;2;3.0;1;2.0;3;19.0;2;15.0;2;9.0;2
Vassili Seath;623;;5;;3;;2;;2;;1;;3;;2;;2;;2
Derril Meldrum;624;3.0;5;2.0;3;17.0;2;18.0;2;4.0;1;4.0;3;15.0;2;19.0;2;16.0;2
Agata McRuvie;625;9.0;5;16.0;3;11.0;2;20.0;2;19.0;1;8.0;3;13.0;2;17.0;2;19.0;2
Averil Grog;626;;5;;3;;2;;2;;1;;3;;2;;2;;2
Karil Buckles;627;2.0;5;3.0;3;19.0;2;14.0;2;13.0;1;12.0;3;6.0;2;4.0;2;9.0;2
Inigo Pocklington;628;;5;;3;;2;;2;;1;;3;;2;;2;;2
Mamie Davydoch;629;0.0;5;19.0;3;11.0;2;9.0;2;17.0;1;12.0;3;7.0;2;19.0;2;17.0;2
Lorianna Gatteridge;630;;5;;3;;2;;2;;1;;3;;2;;2;;2
Timmie Lydford;631;6.0;5;3.0;3;11.0;2;20.0;2;20.0;1;4.0;3;11.0;2;15.0;2;3.0;2
Kalil Gilfether;632;12.0;5;16.0;3;6.0;2;13.0;2;15.0;1;3.0;3;3.0;2;18.0;2;4.0;2
Tamara Costan;633;6.0;5;3.0;3;12.0;2;8.0;2;5.0;1;14.0;3;13.0;2;0.0;2;9.0;2
Yves Ashleigh;634;18.0;5;7.0;3;8.0;2;2.0;2;16.0;1;1.0;3;5.0;2;1.0;2;12.0;2
Pierrette Goves;635;;5;;3;;2;;2;;1;;3;;2;;2;;2
Dane Heenan;636;18.0;5;2.0;3;6.0;2;14.0;2;12.0;1;15.0;3;9.0;2;20.0;2;11.0;2
Carmelina Ethridge;637;6.0;5;14.0;3;4.0;2;15.0;2;9.0;1;13.0;3;0.0;2;14.0;2;7.0;2
Claus Surridge;638;5.0;5;12.0;3;0.0;2;7.0;2;16.0;1;10.0;3;4.0;2;14.0;2;2.0;2
Fred Phillpotts;639;6.0;5;13.0;3;9.0;2;9.0;2;19.0;1;11.0;3;4.0;2;14.0;2;11.0;2
Nola Boynes;640;6.0;5;10.0;3;9.0;2;13.0;2;19.0;1;3.0;3;8.0;2;8.0;2;0.0;2
Celene Corlett;641;20.0;5;19.0;3;2.0;2;10.0;2;1.0;1;10.0;3;0.0;2;20.0;2;2.0;2
Kippy Viger;642;20.0;5;9.0;3;16.0;2;4.0;2;0.0;1;6.0;3;8.0;2;8.0;2;15.0;2
Yovonnda Halbert;643;15.0;5;1.0;3;17.0;2;8.0;2;10.0;1;7.0;3;3.0;2;9.0;2;17.0;2
Arabele Crumpe;644;;5;;3;;2;;2;;1;;3;;2;;2;;2
Elroy Kachel;645;6.0;5;19.0;3;9.0;2;10.0;2;18.0;1;14.0;3;5.0;2;6.0;2;19.0;2
Meta Kamenar;646;6.0;5;9.0;3;9.0;2;14.0;2;8.0;1;10.0;3;4.0;2;16.0;2;3.0;2
Wendeline Benka;647;;5;;3;;2;;2;;1;;3;;2;;2;;2
Reg Snoddon;648;;5;;3;;2;;2;;1;;3;;2;;2;;2
Ermanno Doxey;649;13.0;5;2.0;3;20.0;2;11.0;2;0.0;1;6.0;3;15.0;2;5.0;2;15.0;2
Roland O'Kynsillaghe;650;20.0;5;0.0;3;12.0;2;16.0;2;9.0;1;3.0;3;4.0;2;5.0;2;1.0;2
Abbie Rablin;651;11.0;5;19.0;3;15.0;2;9.0;2;0.0;1;16.0;3;9.0;2;13.0;2;12.0;2
Kimmi Annets;652;4.0;5;10.0;3;17.0;2;4.0;2;9.0;1;1.0;3;0.0;2;7.0;2;15.0;2
Nanete Dawe;653;9.0;5;7.0;3;5.0;2;5.0;2;2.0;1;2.0;3;14.0;2;17.0;2;16.0;2
Meredeth Meininking;654;12.0;5;18.0;3;1.0;2;20.0;2;5.0;1;3.0;3;20.0;2;7.0;2;9.0;2
Modestine Dumper;655;6.0;5;17.0;3;12.0;2;4.0;2;9.0;1;12.0;3;8.0;2;19.0;2;14.0;2
Kristien Bygate;656;15.0;5;3.0;3;11.0;2;0.0;2;13.0;1;5.0;3;4.0;2;3.0;2;11.0;2
Chevalier D'Acth;657;17.0;5;12.0;3;17.0;2;16.0;2;2.0;1;11.0;3;20.0;2;10.0;2;12.0;2
Rhody Riha;658;8.0;5;1.0;3;3.0;2;16.0;2;0.0;1;1.0;3;3.0;2;19.0;2;12.0;2
Denver Cuffin;659;9.0;5;7.0;3;2.0;2;7.0;2;0.0;1;13.0;3;0.0;2;8.0;2;13.0;2
Iggy Dick;660;7.0;5;5.0;3;2.0;2;7.0;2;10.0;1;9.0;3;18.0;2;16.0;2;10.0;2
Dorolisa Shales;661;16.0;5;19.0;3;1.0;2;9.0;2;9.0;1;8.0;3;9.0;2;17.0;2;10.0;2
Baillie Ovey;662;18.0;5;20.0;3;9.0;2;16.0;2;11.0;1;10.0;3;16.0;2;13.0;2;12.0;2
Melantha Brayne;663;5.0;5;17.0;3;17.0;2;12.0;2;18.0;1;14.0;3;16.0;2;16.0;2;16.0;2
Lilith Bryan;664;4.0;5;11.0;3;11.0;2;10.0;2;17.0;1;0.0;3;11.0;2;5.0;2;3.0;2
Merrill Tither;665;13.0;5;0.0;3;19.0;2;0.0;2;18.0;1;13.0;3;15.0;2;5.0;2;12.0;2
Theresina Rannigan;666;;5;;3;;2;;2;;1;;3;;2;;2;;2
Kippar Lafont;667;17.0;5;14.0;3;2.0;2;20.0;2;7.0;1;7.0;3;15.0;2;16.0;2;15.0;2
Jaquenetta Quibell;668;15.0;5;20.0;3;7.0;2;7.0;2;18.0;1;7.0;3;10.0;2;16.0;2;9.0;2
Sada Boyer;669;12.0;5;15.0;3;8.0;2;9.0;2;0.0;1;4.0;3;17.0;2;12.0;2;11.0;2
Selina Roz;670;5.0;5;12.0;3;18.0;2;8.0;2;20.0;1;7.0;3;9.0;2;14.0;2;13.0;2
Jillayne Simkins;671;3.0;5;12.0;3;19.0;2;12.0;2;8.0;1;2.0;3;15.0;2;5.0;2;15.0;2
Elaine Batho;672;16.0;5;0.0;3;9.0;2;4.0;2;7.0;1;13.0;3;7.0;2;7.0;2;11.0;2
Chelsey Corryer;673;10.0;5;4.0;3;2.0;2;1.0;2;14.0;1;5.0;3;10.0;2;8.0;2;9.0;2
Margi Brounfield;674;19.0;5;16.0;3;15.0;2;0.0;2;16.0;1;13.0;3;15.0;2;6.0;2;16.0;2
Barby Pottie;675;;5;;3;;2;;2;;1;;3;;2;;2;;2
Goldie Kauble;676;18.0;5;14.0;3;7.0;2;2.0;2;16.0;1;9.0;3;8.0;2;13.0;2;4.0;2
Moore Jiras;677;5.0;5;16.0;3;10.0;2;1.0;2;17.0;1;2.0;3;14.0;2;12.0;2;17.0;2
Jasen Rowthorne;678;9.0;5;1.0;3;17.0;2;2.0;2;9.0;1;18.0;3;4.0;2;9.0;2;12.0;2
Angelique Glazer;679;8.0;5;15.0;3;20.0;2;3.0;2;7.0;1;4.0;3;0.0;2;3.0;2;1.0;2
Arron McLennan;680;2.0;5;4.0;3;18.0;2;4.0;2;8.0;1;19.0;3;1.0;2;5.0;2;6.0;2
Virge Fellowes;681;20.0;5;3.0;3;6.0;2;18.0;2;13.0;1;9.0;3;2.0;2;13.0;2;6.0;2
Adrienne Cavell;682;7.0;5;19.0;3;10.0;2;16.0;2;4.0;1;3.0;3;4.0;2;3.0;2;10.0;2
Melisa Pimblotte;683;;5;;3;;2;;2;;1;;3;;2;;2;;2
Glenn Tooley;684;0.0;5;16.0;3;0.0;2;6.0;2;17.0;1;20.0;3;14.0;2;7.0;2;7.0;2
Xenia Yosifov;685;;5;;3;;2;;2;;1;;3;;2;;2;;2
Corabelle Frowde;686;16.0;5;4.0;3;15.0;2;14.0;2;12.0;1;0.0;3;10.0;2;7.0;2;11.0;2
Indira Lenney;687;16.0;5;9.0;3;13.0;2;14.0;2;9.0;1;10.0;3;10.0;2;4.0;2;6.0;2
Becki Hawford;688;12.0;5;11.0;3;12.0;2;9.0;2;4.0;1;19.0;3;11.0;2;5.0;2;3.0;2
Brenda Randell;689;12.0;5;5.0;3;18.0;2;17.0;2;15.0;1;13.0;3;4.0;2;14.0;2;5.0;2
Alvis Gaudin;690;19.0;5;16.0;3;8.0;2;15.0;2;5.0;1;2.0;3;7.0;2;5.0;2;3.0;2
Diana Agg;691;8.0;5;16.0;3;18.0;2;0.0;2;13.0;1;16.0;3;10.0;2;0.0;2;4.0;2
Trever Maddison;692;;5;;3;;2;;2;;1;;3;;2;;2;;2
Annabel Antoniutti;693;2.0;5;9.0;3;19.0;2;6.0;2;17.0;1;14.0;3;5.0;2;7.0;2;1.0;2
Binky Pullan;694;17.0;5;9.0;3;16.0;2;3.0;2;11.0;1;11.0;3;2.0;2;2.0;2;11.0;2
Eliza Demaid;695;14.0;5;10.0;3;7.0;2;4.0;2;7.0;1;10.0;3;7.0;2;5.0;2;5.0;2
Pierette Millsap;696;20.0;5;8.0;3;5.0;2;5.0;2;11.0;1;6.0;3;18.0;2;16.0;2;2.0;2
Kalie O'Dwyer;697;;5;;3;;2;;2;;1;;3;;2;;2;;2
Krystyna Abdy;698;6.0;5;19.0;3;4.0;2;11.0;2;1.0;1;6.0;3;7.0;2;5.0;2;19.0;2
Korney Poznan;699;;5;;3;;2;;2;;1;;3;;2;;2;;2
Matti McConigal;700;10.0;5;10.0;3;15.0;2;11.0;2;14.0;1;5.0;3;8.0;2;17.0;2;8.0;2
Lynde Keohane;701;;5;;3;;2;;2;;1;;3;;2;;2;;2
Allsun Barnby;702;13.0;5;15.0;3;20.0;2;7.0;2;0.0;1;8.0;3;10.0;2;11.0;2;20.0;2
Margy Keets;703;18.0;5;0.0;3;14.0;2;16.0;2;6.0;1;13.0;3;6.0;2;9.0;2;14.0;2
Rebekah Dunbabin;704;;5;;3;;2;;2;;1;;3;;2;;2;;2
Conny Davey;705;6.0;5;6.0;3;13.0;2;1.0;2;5.0;1;13.0;3;5.0;2;7.0;2;19.0;2
Mike Keddy;706;9.0;5;17.0;3;6.0;2;14.0;2;9.0;1;14.0;3;4.0;2;17.0;2;11.0;2
Marsh Reubens;707;;5;;3;;2;;2;;1;;3;;2;;2;;2
Saundra Fison;708;3.0;5;5.0;3;20.0;2;20.0;2;16.0;1;14.0;3;18.0;2;6.0;2;20.0;2
Korie Kiddle;709;6.0;5;4.0;3;5.0;2;4.0;2;15.0;1;16.0;3;6.0;2;0.0;2;8.0;2
Sasha Cardillo;710;11.0;5;17.0;3;6.0;2;7.0;2;10.0;1;20.0;3;13.0;2;9.0;2;12.0;2
Shelley Humbie;711;;5;;3;;2;;2;;1;;3;;2;;2;;2
Danica Tiddy;712;9.0;5;5.0;3;2.0;2;15.0;2;3.0;1;4.0;3;9.0;2;9.0;2;15.0;2
Heall Veivers;713;6.0;5;16.0;3;17.0;2;1.0;2;2.0;1;13.0;3;5.0;2;20.0;2;8.0;2
Darill Sheirlaw;714;0.0;5;16.0;3;16.0;2;4.0;2;10.0;1;14.0;3;13.0;2;20.0;2;9.0;2
Addi Pearsall;715;7.0;5;14.0;3;0.0;2;20.0;2;10.0;1;7.0;3;17.0;2;13.0;2;12.0;2
Marji Limbert;716;7.0;5;5.0;3;2.0;2;9.0;2;10.0;1;13.0;3;14.0;2;11.0;2;8.0;2
Ellen Vokins;717;15.0;5;16.0;3;17.0;2;5.0;2;5.0;1;6.0;3;4.0;2;9.0;2;0.0;2
Ximenez Edsell;718;16.0;5;13.0;3;17.0;2;8.0;2;6.0;1;7.0;3;8.0;2;11.0;2;5.0;2
Paxton Casazza;719;9.0;5;11.0;3;5.0;2;0.0;2;15.0;1;12.0;3;6.0;2;18.0;2;10.0;2
Kenn Cecil;720;4.0;5;10.0;3;1.0;2;14.0;2;11.0;1;9.0;3;13.0;2;11.0;2;7.0;2
Carrie Wildgoose;721;4.0;5;8.0;3;11.0;2;10.0;2;15.0;1;19.0;3;5.0;2;11.0;2;4.0;2
Serge Goodie;722;12.0;5;6.0;3;18.0;2;12.0;2;15.0;1;16.0;3;1.0;2;0.0;2;16.0;2
Adelaide Caruth;723;;5;;3;;2;;2;;1;;3;;2;;2;;2
Earlie Joscelyn;724;1.0;5;15.0;3;7.0;2;12.0;2;19.0;1;0.0;3;13.0;2;19.0;2;14.0;2
Haydon Wicher;725;;5;;3;;2;;2;;1;;3;;2;;2;;2
Cosimo Dicke;726;;5;;3;;2;;2;;1;;3;;2;;2;;2
Douglas McAnellye;727;9.0;5;1.0;3;2.0;2;5.0;2;10.0;1;6.0;3;8.0;2;17.0;2;12.0;2
Stevana Gilston;728;;5;;3;;2;;2;;1;;3;;2;;2;;2
Clotilda Glass;729;;5;;3;;2;;2;;1;;3;;2;;2;;2
Josselyn Bunn;730;6.0;5;2.0;3;0.0;2;18.0;2;16.0;1;13.0;3;12.0;2;12.0;2;16.0;2
Eve Olenov;731;11.0;5;18.0;3;10.0;2;4.0;2;3.0;1;1.0;3;5.0;2;19.0;2;19.0;2
Gertrudis Grinnikov;732;10.0;5;5.0;3;6.0;2;13.0;2;18.0;1;18.0;3;20.0;2;1.0;2;2.0;2
Shae Tye;733;1.0;5;18.0;3;12.0;2;6.0;2;19.0;1;7.0;3;16.0;2;8.0;2;12.0;2
Madeline Chaman;734;12.0;5;9.0;3;5.0;2;9.0;2;5.0;1;4.0;3;13.0;2;3.0;2;14.0;2
Xerxes Vokes;735;19.0;5;13.0;3;16.0;2;0.0;2;13.0;1;9.0;3;7.0;2;20.0;2;17.0;2
Frankie Ganniclifft;736;6.0;5;15.0;3;13.0;2;11.0;2;5.0;1;18.0;3;14.0;2;19.0;2;0.0;2
Jacky Mochan;737;;5;;3;;2;;2;;1;;3;;2;;2;;2
Francisca Kleinschmidt;738;;5;;3;;2;;2;;1;;3;;2;;2;;2
Rozelle Grundy;739;2.0;5;8.0;3;5.0;2;11.0;2;20.0;1;0.0;3;14.0;2;19.0;2;2.0;2
Gwendolen Longforth;740;18.0;5;10.0;3;12.0;2;3.0;2;5.0;1;17.0;3;2.0;2;14.0;2;15.0;2
Bastien Ramiro;741;10.0;5;12.0;3;11.0;2;3.0;2;4.0;1;10.0;3;20.0;2;16.0;2;13.0;2
Almeta Otson;742;2.0;5;13.0;3;7.0;2;10.0;2;6.0;1;10.0;3;18.0;2;1.0;2;5.0;2
Georgina Swindall;743;13.0;5;7.0;3;16.0;2;19.0;2;3.0;1;9.0;3;20.0;2;11.0;2;16.0;2
Abby MacNulty;744;1.0;5;19.0;3;20.0;2;11.0;2;9.0;1;14.0;3;7.0;2;16.0;2;4.0;2
Jobey Babon;745;12.0;5;16.0;3;6.0;2;4.0;2;4.0;1;0.0;3;11.0;2;7.0;2;19.0;2
Kearney Woolvett;746;13.0;5;6.0;3;1.0;2;19.0;2;17.0;1;15.0;3;3.0;2;6.0;2;11.0;2
Clotilda Brader;747;20.0;5;2.0;3;4.0;2;12.0;2;10.0;1;14.0;3;0.0;2;5.0;2;1.0;2
Audrie Rillett;748;17.0;5;16.0;3;18.0;2;15.0;2;10.0;1;18.0;3;9.0;2;16.0;2;20.0;2
Mayne Winch;749;4.0;5;13.0;3;6.0;2;13.0;2;6.0;1;7.0;3;4.0;2;7.0;2;14.0;2
Roobbie Yurkiewicz;750;;5;;3;;2;;2;;1;;3;;2;;2;;2
Dacie Kyston;751;5.0;5;4.0;3;3.0;2;7.0;2;9.0;1;15.0;3;20.0;2;11.0;2;11.0;2
Jaquith Hise;752;8.0;5;12.0;3;17.0;2;19.0;2;5.0;1;0.0;3;11.0;2;0.0;2;9.0;2
Barth Dufour;753;;5;;3;;2;;2;;1;;3;;2;;2;;2
Farlie Burnup;754;11.0;5;3.0;3;1.0;2;19.0;2;10.0;1;20.0;3;6.0;2;12.0;2;15.0;2
Osborn Wetherick;755;11.0;5;1.0;3;12.0;2;0.0;2;5.0;1;7.0;3;5.0;2;4.0;2;14.0;2
Nelly Dundin;756;12.0;5;20.0;3;11.0;2;20.0;2;0.0;1;7.0;3;19.0;2;20.0;2;14.0;2
Toiboid Beebis;757;;5;;3;;2;;2;;1;;3;;2;;2;;2
Dulcinea Hastelow;758;;5;;3;;2;;2;;1;;3;;2;;2;;2
Austin Hoodlass;759;0.0;5;7.0;3;10.0;2;8.0;2;8.0;1;10.0;3;3.0;2;8.0;2;11.0;2
Lorrie Butland;760;1.0;5;19.0;3;11.0;2;17.0;2;15.0;1;7.0;3;9.0;2;12.0;2;18.0;2
Jaimie Bushrod;761;;5;;3;;2;;2;;1;;3;;2;;2;;2
Jonell Akehurst;762;11.0;5;9.0;3;15.0;2;19.0;2;0.0;1;5.0;3;3.0;2;16.0;2;17.0;2
Basil Falconbridge;763;12.0;5;6.0;3;12.0;2;16.0;2;13.0;1;2.0;3;7.0;2;14.0;2;5.0;2
Janeczka Dabney;764;16.0;5;10.0;3;11.0;2;16.0;2;11.0;1;15.0;3;7.0;2;0.0;2;6.0;2
Heinrik Cowland;765;;5;;3;;2;;2;;1;;3;;2;;2;;2
Gertrud Muldoon;766;14.0;5;0.0;3;14.0;2;14.0;2;19.0;1;17.0;3;6.0;2;8.0;2;3.0;2
Melita Glaserman;767;9.0;5;15.0;3;13.0;2;3.0;2;9.0;1;11.0;3;5.0;2;20.0;2;5.0;2
Trstram Tamblyn;768;;5;;3;;2;;2;;1;;3;;2;;2;;2
Herbie Thursfield;769;19.0;5;7.0;3;12.0;2;2.0;2;7.0;1;4.0;3;1.0;2;18.0;2;13.0;2
Livia Hedges;770;;5;;3;;2;;2;;1;;3;;2;;2;;2
Imogen Haucke;771;;5;;3;;2;;2;;1;;3;;2;;2;;2
Kennedy Peagram;772;10.0;5;7.0;3;7.0;2;7.0;2;3.0;1;5.0;3;15.0;2;14.0;2;20.0;2
Rowe Ettles;773;9.0;5;9.0;3;18.0;2;1.0;2;6.0;1;16.0;3;3.0;2;2.0;2;19.0;2
Theo Pendell;774;8.0;5;14.0;3;1.0;2;17.0;2;20.0;1;7.0;3;3.0;2;4.0;2;8.0;2
Jewell Yurikov;775;10.0;5;18.0;3;1.0;2;20.0;2;7.0;1;19.0;3;15.0;2;6.0;2;2.0;2
Marianne Slyvester;776;9.0;5;1.0;3;5.0;2;13.0;2;20.0;1;5.0;3;0.0;2;11.0;2;0.0;2
Siusan Goskar;777;;5;;3;;2;;2;;1;;3;;2;;2;;2
Lucius Olpin;778;14.0;5;10.0;3;7.0;2;18.0;2;9.0;1;0.0;3;16.0;2;13.0;2;19.0;2
Melina Greatbank;779;0.0;5;5.0;3;16.0;2;10.0;2;1.0;1;17.0;3;16.0;2;9.0;2;17.0;2
Dyann Doree;780;14.0;5;14.0;3;20.0;2;20.0;2;6.0;1;11.0;3;15.0;2;13.0;2;8.0;2
Cathyleen Conti;781;;5;;3;;2;;2;;1;;3;;2;;2;;2
Jory Cutforth;782;6.0;5;13.0;3;8.0;2;13.0;2;14.0;1;14.0;3;6.0;2;19.0;2;18.0;2
Sharity Jakeway;783;3.0;5;9.0;3;14.0;2;9.0;2;9.0;1;17.0;3;19.0;2;17.0;2;8.0;2
Chanda Evins;784;10.0;5;20.0;3;20.0;2;6.0;2;6.0;1;4.0;3;2.0;2;11.0;2;1.0;2
Theodore Antic;785;19.0;5;2.0;3;3.0;2;2.0;2;3.0;1;3.0;3;19.0;2;0.0;2;19.0;2
Grange Speares;786;2.0;5;12.0;3;14.0;2;3.0;2;19.0;1;6.0;3;20.0;2;2.0;2;20.0;2
Scarlett Harp;787;;5;;3;;2;;2;;1;;3;;2;;2;;2
Marcela Pizer;788;18.0;5;0.0;3;12.0;2;18.0;2;18.0;1;10.0;3;19.0;2;17.0;2;7.0;2
Rodrique Grouvel;789;16.0;5;3.0;3;14.0;2;4.0;2;7.0;1;6.0;3;6.0;2;5.0;2;18.0;2
Minny Grigson;790;8.0;5;3.0;3;11.0;2;2.0;2;20.0;1;9.0;3;10.0;2;7.0;2;20.0;2
Lilah Lockton;791;;5;;3;;2;;2;;1;;3;;2;;2;;2
Bree Glaisner;792;7.0;5;7.0;3;7.0;2;17.0;2;8.0;1;12.0;3;8.0;2;14.0;2;2.0;2
Dorena Ribou;793;9.0;5;15.0;3;2.0;2;6.0;2;9.0;1;6.0;3;11.0;2;19.0;2;5.0;2
Bonnee Risebarer;794;;5;;3;;2;;2;;1;;3;;2;;2;;2
Josie Driver;795;;5;;3;;2;;2;;1;;3;;2;;2;;2
Viole Twining;796;;5;;3;;2;;2;;1;;3;;2;;2;;2
Kaila Braxay;797;;5;;3;;2;;2;;1;;3;;2;;2;;2
Dela Beeton;798;10.0;5;5.0;3;10.0;2;9.0;2;10.0;1;8.0;3;9.0;2;17.0;2;4.0;2
Walt Swyer;799;6.0;5;18.0;3;1.0;2;13.0;2;6.0;1;0.0;3;1.0;2;17.0;2;8.0;2
Mozes Fontell;800;19.0;5;10.0;3;4.0;2;17.0;2;18.0;1;12.0;3;10.0;2;13.0;2;4.0;2
Chris Fyers;801;7.0;5;8.0;3;16.0;2;0.0;2;7.0;1;18.0;3;1.0;2;8.0;2;2.0;2
Susanna MacCaull;802;;5;;3;;2;;2;;1;;3;;2;;2;;2
Karissa Bank;803;19.0;5;19.0;3;19.0;2;10.0;2;15.0;1;10.0;3;20.0;2;7.0;2;19.0;2
Paxton Horley;804;12.0;5;17.0;3;9.0;2;18.0;2;15.0;1;18.0;3;5.0;2;2.0;2;12.0;2
Edithe Duffitt;805;9.0;5;4.0;3;3.0;2;2.0;2;1.0;1;0.0;3;5.0;2;17.0;2;10.0;2
Katrina Storm;806;17.0;5;15.0;3;11.0;2;4.0;2;12.0;1;14.0;3;16.0;2;7.0;2;0.0;2
Goldina Spataro;807;14.0;5;13.0;3;17.0;2;18.0;2;19.0;1;13.0;3;0.0;2;14.0;2;12.0;2
Nancie Keilloh;808;18.0;5;4.0;3;10.0;2;11.0;2;17.0;1;15.0;3;3.0;2;17.0;2;0.0;2
Veronica Penberthy;809;1.0;5;2.0;3;3.0;2;9.0;2;10.0;1;10.0;3;5.0;2;19.0;2;14.0;2
Jeannie Milmith;810;2.0;5;8.0;3;7.0;2;14.0;2;6.0;1;2.0;3;20.0;2;6.0;2;13.0;2
Paulita Stoakes;811;19.0;5;5.0;3;18.0;2;2.0;2;2.0;1;11.0;3;20.0;2;5.0;2;11.0;2
Terry Budnk;812;17.0;5;0.0;3;1.0;2;14.0;2;1.0;1;13.0;3;17.0;2;0.0;2;3.0;2
Cariotta Kiehl;813;2.0;5;4.0;3;5.0;2;12.0;2;0.0;1;10.0;3;4.0;2;1.0;2;14.0;2
Willamina O'Reilly;814;19.0;5;16.0;3;15.0;2;15.0;2;3.0;1;19.0;3;5.0;2;2.0;2;19.0;2
Collin Giacopini;815;;5;;3;;2;;2;;1;;3;;2;;2;;2
Estrella Nijs;816;13.0;5;3.0;3;9.0;2;19.0;2;13.0;1;0.0;3;10.0;2;6.0;2;3.0;2
Justino Brendel;817;8.0;5;12.0;3;14.0;2;6.0;2;3.0;1;19.0;3;10.0;2;12.0;2;15.0;2
Darnell Thwaites;818;0.0;5;11.0;3;6.0;2;10.0;2;3.0;1;15.0;3;9.0;2;19.0;2;4.0;2
Bessy Newham;819;12.0;5;3.0;3;8.0;2;12.0;2;2.0;1;12.0;3;6.0;2;15.0;2;10.0;2
Jelene Di Ruggiero;820;20.0;5;6.0;3;14.0;2;4.0;2;6.0;1;13.0;3;19.0;2;11.0;2;6.0;2
Donal Madgewick;821;5.0;5;9.0;3;5.0;2;20.0;2;18.0;1;10.0;3;8.0;2;13.0;2;14.0;2
Kevin Robson;822;5.0;5;5.0;3;10.0;2;7.0;2;18.0;1;7.0;3;10.0;2;20.0;2;4.0;2
Bogey Lechmere;823;;5;;3;;2;;2;;1;;3;;2;;2;;2
Brew O'Crowley;824;19.0;5;5.0;3;16.0;2;6.0;2;19.0;1;20.0;3;6.0;2;6.0;2;14.0;2
Raye Keating;825;;5;;3;;2;;2;;1;;3;;2;;2;;2
Arie Ives;826;3.0;5;19.0;3;9.0;2;20.0;2;2.0;1;0.0;3;2.0;2;12.0;2;12.0;2
Quintus Rushforth;827;0.0;5;16.0;3;18.0;2;6.0;2;13.0;1;11.0;3;17.0;2;4.0;2;4.0;2
Brok Capaldi;828;13.0;5;17.0;3;5.0;2;5.0;2;4.0;1;5.0;3;11.0;2;2.0;2;14.0;2
Arron Beaves;829;0.0;5;8.0;3;12.0;2;3.0;2;13.0;1;5.0;3;5.0;2;8.0;2;20.0;2
Flore Cisland;830;19.0;5;10.0;3;10.0;2;5.0;2;18.0;1;15.0;3;9.0;2;3.0;2;9.0;2
Joby Racine;831;9.0;5;14.0;3;14.0;2;5.0;2;3.0;1;18.0;3;20.0;2;18.0;2;0.0;2
Rolph Bricket;832;10.0;5;1.0;3;4.0;2;17.0;2;1.0;1;3.0;3;19.0;2;20.0;2;5.0;2
Thekla Gossan;833;20.0;5;20.0;3;9.0;2;13.0;2;7.0;1;17.0;3;7.0;2;1.0;2;4.0;2
Vance Delafoy;834;6.0;5;4.0;3;5.0;2;19.0;2;2.0;1;19.0;3;2.0;2;3.0;2;4.0;2
Armand Lamzed;835;5.0;5;0.0;3;20.0;2;11.0;2;1.0;1;8.0;3;16.0;2;20.0;2;18.0;2
Elisabeth Erett;836;2.0;5;11.0;3;20.0;2;14.0;2;19.0;1;7.0;3;16.0;2;20.0;2;14.0;2
Anne-corinne Whittlesey;837;;5;;3;;2;;2;;1;;3;;2;;2;;2
Roma Ruegg;838;0.0;5;11.0;3;12.0;2;19.0;2;2.0;1;13.0;3;5.0;2;10.0;2;1.0;2
Sterne Shurrocks;839;9.0;5;20.0;3;3.0;2;19.0;2;3.0;1;8.0;3;19.0;2;8.0;2;2.0;2
Abey De Filippo;840;16.0;5;6.0;3;9.0;2;1.0;2;3.0;1;17.0;3;20.0;2;4.0;2;13.0;2
Salomone Reape;841;;5;;3;;2;;2;;1;;3;;2;;2;;2
Locke Manvelle;842;15.0;5;6.0;3;18.0;2;0.0;2;1.0;1;6.0;3;1.0;2;6.0;2;5.0;2
Regan Duggleby;843;4.0;5;18.0;3;1.0;2;1.0;2;17.0;1;0.0;3;17.0;2;9.0;2;20.0;2
Nicolle MacCarrane;844;2.0;5;16.0;3;1.0;2;7.0;2;0.0;1;6.0;3;2.0;2;7.0;2;8.0;2
Christalle Winny;845;0.0;5;14.0;3;15.0;2;8.0;2;11.0;1;7.0;3;9.0;2;11.0;2;20.0;2
Kira MacFadin;846;14.0;5;5.0;3;16.0;2;16.0;2;8.0;1;19.0;3;10.0;2;13.0;2;5.0;2
Bunnie Senecaux;847;18.0;5;18.0;3;7.0;2;2.0;2;5.0;1;8.0;3;18.0;2;18.0;2;8.0;2
Lucretia Pristnor;848;11.0;5;3.0;3;20.0;2;15.0;2;3.0;1;16.0;3;4.0;2;8.0;2;16.0;2
Keith Sambidge;849;8.0;5;4.0;3;16.0;2;10.0;2;9.0;1;19.0;3;1.0;2;10.0;2;8.0;2
Wheeler Beauly;850;2.0;5;14.0;3;5.0;2;9.0;2;3.0;1;1.0;3;3.0;2;17.0;2;20.0;2
Shelagh Crew;851;0.0;5;15.0;3;9.0;2;7.0;2;1.0;1;11.0;3;4.0;2;9.0;2;7.0;2
Adela Patient;852;5.0;5;8.0;3;8.0;2;14.0;2;3.0;1;18.0;3;15.0;2;6.0;2;8.0;2
Gordie Venour;853;;5;;3;;2;;2;;1;;3;;2;;2;;2
Marsha Tavener;854;18.0;5;8.0;3;16.0;2;20.0;2;19.0;1;9.0;3;8.0;2;0.0;2;16.0;2
Stephana Freeborn;855;3.0;5;19.0;3;18.0;2;19.0;2;14.0;1;11.0;3;0.0;2;7.0;2;13.0;2
Karalee Breckon;856;9.0;5;18.0;3;16.0;2;16.0;2;15.0;1;7.0;3;18.0;2;15.0;2;3.0;2
Karena Caughtry;857;1.0;5;8.0;3;16.0;2;13.0;2;11.0;1;7.0;3;5.0;2;0.0;2;17.0;2
Ford Jurasek;858;;5;;3;;2;;2;;1;;3;;2;;2;;2
Antoinette Docket;859;2.0;5;7.0;3;5.0;2;2.0;2;5.0;1;14.0;3;17.0;2;16.0;2;16.0;2
Lauritz Hanes;860;20.0;5;19.0;3;7.0;2;4.0;2;14.0;1;17.0;3;1.0;2;13.0;2;15.0;2
Hannie Dellenbrok;861;9.0;5;8.0;3;9.0;2;6.0;2;18.0;1;13.0;3;9.0;2;13.0;2;13.0;2
Olin Rycraft;862;12.0;5;13.0;3;19.0;2;3.0;2;12.0;1;8.0;3;6.0;2;10.0;2;17.0;2
Myrwyn Normadell;863;20.0;5;14.0;3;12.0;2;9.0;2;11.0;1;0.0;3;17.0;2;5.0;2;12.0;2
Perla Gritten;864;17.0;5;2.0;3;20.0;2;2.0;2;4.0;1;17.0;3;1.0;2;1.0;2;14.0;2
Ev Mahaffey;865;11.0;5;18.0;3;9.0;2;17.0;2;2.0;1;14.0;3;19.0;2;20.0;2;12.0;2
Anne Threlkeld;866;15.0;5;10.0;3;19.0;2;7.0;2;12.0;1;6.0;3;8.0;2;13.0;2;6.0;2
Wilhelmina Pailin;867;7.0;5;20.0;3;11.0;2;11.0;2;9.0;1;14.0;3;20.0;2;18.0;2;20.0;2
Yettie Turmel;868;11.0;5;8.0;3;5.0;2;16.0;2;18.0;1;7.0;3;15.0;2;7.0;2;0.0;2
Kalie Bussens;869;8.0;5;8.0;3;14.0;2;15.0;2;19.0;1;4.0;3;1.0;2;20.0;2;9.0;2
Felizio Kenner;870;;5;;3;;2;;2;;1;;3;;2;;2;;2
Yoshi Winslett;871;15.0;5;8.0;3;16.0;2;19.0;2;2.0;1;3.0;3;20.0;2;1.0;2;11.0;2
Westbrooke Straffon;872;18.0;5;12.0;3;4.0;2;4.0;2;0.0;1;9.0;3;3.0;2;3.0;2;18.0;2
Robin Zanitti;873;2.0;5;0.0;3;2.0;2;6.0;2;19.0;1;11.0;3;15.0;2;14.0;2;4.0;2
Maude Reuben;874;10.0;5;1.0;3;15.0;2;18.0;2;11.0;1;18.0;3;10.0;2;20.0;2;0.0;2
Emilie Clutram;875;3.0;5;7.0;3;1.0;2;5.0;2;6.0;1;11.0;3;16.0;2;12.0;2;9.0;2
Nora MacGlory;876;;5;;3;;2;;2;;1;;3;;2;;2;;2
Nester Fforde;877;2.0;5;12.0;3;1.0;2;14.0;2;5.0;1;12.0;3;10.0;2;2.0;2;4.0;2
Kaycee Armistead;878;1.0;5;20.0;3;9.0;2;16.0;2;14.0;1;19.0;3;11.0;2;7.0;2;18.0;2
Von Dyson;879;2.0;5;6.0;3;11.0;2;17.0;2;20.0;1;3.0;3;13.0;2;14.0;2;10.0;2
Waylon Sondon;880;10.0;5;4.0;3;9.0;2;0.0;2;9.0;1;19.0;3;2.0;2;11.0;2;18.0;2
Frederico Stirgess;881;;5;;3;;2;;2;;1;;3;;2;;2;;2
Aurora Thyng;882;12.0;5;9.0;3;7.0;2;14.0;2;5.0;1;15.0;3;0.0;2;16.0;2;0.0;2
Marguerite Tetla;883;11.0;5;3.0;3;17.0;2;3.0;2;12.0;1;20.0;3;19.0;2;6.0;2;12.0;2
Margette Potkins;884;;5;;3;;2;;2;;1;;3;;2;;2;;2
Davina Gorse;885;17.0;5;15.0;3;6.0;2;18.0;2;11.0;1;19.0;3;7.0;2;5.0;2;12.0;2
Tabor Angric;886;5.0;5;15.0;3;15.0;2;0.0;2;0.0;1;17.0;3;3.0;2;1.0;2;20.0;2
Wilow Southernwood;887;4.0;5;5.0;3;12.0;2;16.0;2;9.0;1;2.0;3;19.0;2;7.0;2;20.0;2
Rinaldo Aronson;888;4.0;5;20.0;3;1.0;2;14.0;2;5.0;1;4.0;3;6.0;2;2.0;2;13.0;2
Suzi Keays;889;;5;;3;;2;;2;;1;;3;;2;;2;;2
Bruis Simpkins;890;5.0;5;0.0;3;18.0;2;12.0;2;17.0;1;1.0;3;14.0;2;18.0;2;2.0;2
Basil Jerrems;891;;5;;3;;2;;2;;1;;3;;2;;2;;2
Zorana Whorf;892;14.0;5;17.0;3;16.0;2;4.0;2;0.0;1;5.0;3;16.0;2;6.0;2;1.0;2
Bat Liggett;893;;5;;3;;2;;2;;1;;3;;2;;2;;2
Amie Scoggan;894;6.0;5;11.0;3;12.0;2;4.0;2;1.0;1;5.0;3;15.0;2;19.0;2;15.0;2
Ursula Hadingham;895;1.0;5;19.0;3;5.0;2;2.0;2;16.0;1;5.0;3;14.0;2;12.0;2;2.0;2
Jennilee Tight;896;15.0;5;12.0;3;0.0;2;15.0;2;5.0;1;7.0;3;3.0;2;18.0;2;3.0;2
Muffin Glavias;897;13.0;5;19.0;3;13.0;2;17.0;2;14.0;1;1.0;3;3.0;2;13.0;2;10.0;2
Ardeen Searl;898;12.0;5;6.0;3;10.0;2;6.0;2;1.0;1;14.0;3;4.0;2;20.0;2;18.0;2
Ingram Woolaston;899;1.0;5;10.0;3;6.0;2;8.0;2;17.0;1;7.0;3;9.0;2;6.0;2;13.0;2
Alie Airdrie;900;2.0;5;17.0;3;16.0;2;16.0;2;16.0;1;20.0;3;15.0;2;6.0;2;15.0;2
Griffy Novotne;901;7.0;5;5.0;3;2.0;2;16.0;2;2.0;1;0.0;3;5.0;2;9.0;2;1.0;2
Ryon Blakebrough;902;13.0;5;7.0;3;15.0;2;10.0;2;17.0;1;9.0;3;19.0;2;13.0;2;12.0;2
Zacharie McIlwain;903;2.0;5;5.0;3;16.0;2;11.0;2;8.0;1;5.0;3;13.0;2;19.0;2;3.0;2
Roberto Rosenfelder;904;;5;;3;;2;;2;;1;;3;;2;;2;;2
Bartlett Trevers;905;18.0;5;11.0;3;5.0;2;14.0;2;3.0;1;9.0;3;4.0;2;12.0;2;15.0;2
Amy Gregol;906;;5;;3;;2;;2;;1;;3;;2;;2;;2
Lalo Woolf;907;;5;;3;;2;;2;;1;;3;;2;;2;;2
Egor Cleife;908;7.0;5;3.0;3;20.0;2;9.0;2;8.0;1;19.0;3;11.0;2;20.0;2;17.0;2
Naomi Blackledge;909;9.0;5;15.0;3;13.0;2;15.0;2;2.0;1;14.0;3;1.0;2;12.0;2;6.0;2
Carce Kindleside;910;18.0;5;9.0;3;2.0;2;13.0;2;14.0;1;9.0;3;20.0;2;9.0;2;11.0;2
Dela Spinelli;911;15.0;5;11.0;3;15.0;2;5.0;2;18.0;1;15.0;3;15.0;2;15.0;2;20.0;2
Bordie Rany;912;18.0;5;5.0;3;2.0;2;15.0;2;13.0;1;7.0;3;0.0;2;15.0;2;13.0;2
Dion Fewell;913;;5;;3;;2;;2;;1;;3;;2;;2;;2
Chiarra Cloake;914;14.0;5;0.0;3;11.0;2;14.0;2;15.0;1;16.0;3;11.0;2;14.0;2;18.0;2
Audra Pinnijar;915;16.0;5;11.0;3;11.0;2;10.0;2;4.0;1;7.0;3;9.0;2;10.0;2;17.0;2
Lucila Rastrick;916;4.0;5;10.0;3;9.0;2;17.0;2;0.0;1;8.0;3;4.0;2;5.0;2;8.0;2
Bambi Dutchburn;917;;5;;3;;2;;2;;1;;3;;2;;2;;2
Heloise Kellegher;918;6.0;5;3.0;3;0.0;2;1.0;2;17.0;1;5.0;3;8.0;2;9.0;2;6.0;2
Naomi Yurinov;919;8.0;5;15.0;3;10.0;2;1.0;2;18.0;1;8.0;3;8.0;2;16.0;2;14.0;2
Rik Nibloe;920;2.0;5;11.0;3;12.0;2;3.0;2;19.0;1;1.0;3;9.0;2;13.0;2;7.0;2
Charmion Baxill;921;18.0;5;19.0;3;0.0;2;1.0;2;11.0;1;20.0;3;14.0;2;1.0;2;7.0;2
Stillman Clout;922;19.0;5;16.0;3;17.0;2;15.0;2;18.0;1;19.0;3;2.0;2;4.0;2;7.0;2
Ninette Ronchetti;923;7.0;5;2.0;3;17.0;2;0.0;2;13.0;1;3.0;3;20.0;2;19.0;2;11.0;2
Delphinia Lehrian;924;7.0;5;8.0;3;18.0;2;4.0;2;9.0;1;7.0;3;13.0;2;17.0;2;20.0;2
Estevan Nobriga;925;19.0;5;14.0;3;3.0;2;12.0;2;2.0;1;10.0;3;16.0;2;10.0;2;6.0;2
Wilhelmine Luckcuck;926;;5;;3;;2;;2;;1;;3;;2;;2;;2
Cassandre MacCleay;927;6.0;5;8.0;3;19.0;2;6.0;2;16.0;1;3.0;3;15.0;2;2.0;2;6.0;2
Antone Cadwell;928;8.0;5;15.0;3;1.0;2;18.0;2;8.0;1;12.0;3;9.0;2;0.0;2;12.0;2
Arie Cassidy;929;16.0;5;2.0;3;18.0;2;5.0;2;15.0;1;3.0;3;6.0;2;12.0;2;0.0;2
Verla Fleckney;930;;5;;3;;2;;2;;1;;3;;2;;2;;2
Annamaria Frascone;931;0.0;5;20.0;3;4.0;2;3.0;2;8.0;1;0.0;3;9.0;2;4.0;2;4.0;2
Lance Ricciardiello;932;11.0;5;1.0;3;1.0;2;13.0;2;11.0;1;12.0;3;0.0;2;4.0;2;11.0;2
Andros Jovicic;933;18.0;5;17.0;3;4.0;2;2.0;2;12.0;1;12.0;3;6.0;2;16.0;2;2.0;2
Tana Kmietsch;934;10.0;5;13.0;3;16.0;2;11.0;2;2.0;1;16.0;3;4.0;2;2.0;2;3.0;2
Linoel Roslen;935;0.0;5;3.0;3;5.0;2;4.0;2;3.0;1;19.0;3;16.0;2;11.0;2;13.0;2
Christean Lesek;936;14.0;5;13.0;3;14.0;2;13.0;2;0.0;1;15.0;3;6.0;2;18.0;2;2.0;2
Dniren Chark;937;2.0;5;9.0;3;3.0;2;4.0;2;14.0;1;5.0;3;17.0;2;18.0;2;0.0;2
Mariejeanne Padilla;938;;5;;3;;2;;2;;1;;3;;2;;2;;2
Connor Wyrall;939;12.0;5;3.0;3;9.0;2;12.0;2;2.0;1;7.0;3;20.0;2;15.0;2;8.0;2
Reamonn Spatoni;940;11.0;5;8.0;3;14.0;2;15.0;2;17.0;1;20.0;3;20.0;2;12.0;2;17.0;2
Anthiathia Morrice;941;18.0;5;3.0;3;2.0;2;3.0;2;15.0;1;14.0;3;4.0;2;8.0;2;8.0;2
Allys Munning;942;;5;;3;;2;;2;;1;;3;;2;;2;;2
Hyacintha Glusby;943;0.0;5;4.0;3;4.0;2;6.0;2;13.0;1;4.0;3;1.0;2;13.0;2;2.0;2
Laurie Rothert;944;;5;;3;;2;;2;;1;;3;;2;;2;;2
Jervis Cutmore;945;6.0;5;7.0;3;18.0;2;10.0;2;19.0;1;6.0;3;16.0;2;6.0;2;15.0;2
Charla Easbie;946;20.0;5;8.0;3;18.0;2;15.0;2;20.0;1;15.0;3;11.0;2;11.0;2;6.0;2
Arden Exelby;947;17.0;5;7.0;3;6.0;2;6.0;2;7.0;1;12.0;3;5.0;2;7.0;2;17.0;2
Rockie Egentan;948;10.0;5;12.0;3;20.0;2;2.0;2;14.0;1;16.0;3;8.0;2;16.0;2;1.0;2
Aaron Cocking;949;13.0;5;11.0;3;6.0;2;17.0;2;4.0;1;13.0;3;6.0;2;16.0;2;5.0;2
Hamel Du Hamel;950;6.0;5;4.0;3;7.0;2;6.0;2;4.0;1;8.0;3;3.0;2;6.0;2;20.0;2
Deidre Rotge;951;;5;;3;;2;;2;;1;;3;;2;;2;;2
Dolley Fasse;952;6.0;5;17.0;3;4.0;2;0.0;2;7.0;1;9.0;3;13.0;2;19.0;2;7.0;2
Alix Cale;953;6.0;5;10.0;3;1.0;2;12.0;2;15.0;1;5.0;3;17.0;2;7.0;2;5.0;2
Honor Larkby;954;;5;;3;;2;;2;;1;;3;;2;;2;;2
Skippy Tythe;955;;5;;3;;2;;2;;1;;3;;2;;2;;2
Greg Philpin;956;9.0;5;3.0;3;3.0;2;5.0;2;3.0;1;0.0;3;13.0;2;18.0;2;1.0;2
Rivi Bampforth;957;16.0;5;8.0;3;15.0;2;16.0;2;3.0;1;5.0;3;2.0;2;8.0;2;18.0;2
Samson Kopta;958;14.0;5;2.0;3;11.0;2;6.0;2;13.0;1;6.0;3;0.0;2;1.0;2;20.0;2
Rolph Giampietro;959;6.0;5;17.0;3;5.0;2;1.0;2;10.0;1;0.0;3;15.0;2;13.0;2;1.0;2
Roslyn Veale;960;;5;;3;;2;;2;;1;;3;;2;;2;;2
Pall Witnall;961;11.0;5;14.0;3;16.0;2;15.0;2;9.0;1;10.0;3;15.0;2;12.0;2;10.0;2
Hollyanne Fealy;962;3.0;5;0.0;3;7.0;2;5.0;2;0.0;1;9.0;3;19.0;2;16.0;2;5.0;2
Cosme Barstowk;963;;5;;3;;2;;2;;1;;3;;2;;2;;2
Shena Weekland;964;2.0;5;0.0;3;5.0;2;3.0;2;19.0;1;4.0;3;1.0;2;1.0;2;8.0;2
Shae Clemot;965;;5;;3;;2;;2;;1;;3;;2;;2;;2
Julianna Kitley;966;18.0;5;20.0;3;4.0;2;8.0;2;3.0;1;16.0;3;3.0;2;12.0;2;3.0;2
Hasheem Vautrey;967;2.0;5;8.0;3;14.0;2;12.0;2;5.0;1;12.0;3;13.0;2;4.0;2;7.0;2
Isabella Claiton;968;12.0;5;12.0;3;11.0;2;4.0;2;2.0;1;11.0;3;6.0;2;0.0;2;2.0;2
Marvin Harwin;969;17.0;5;6.0;3;4.0;2;17.0;2;14.0;1;4.0;3;5.0;2;2.0;2;12.0;2
Ingaberg Kowalik;970;15.0;5;13.0;3;14.0;2;17.0;2;15.0;1;12.0;3;14.0;2;3.0;2;7.0;2
Belle Bearblock;971;14.0;5;10.0;3;14.0;2;8.0;2;17.0;1;3.0;3;17.0;2;14.0;2;3.0;2
Gweneth Gergler;972;15.0;5;9.0;3;17.0;2;9.0;2;14.0;1;20.0;3;16.0;2;8.0;2;18.0;2
Niki Cattellion;973;0.0;5;4.0;3;4.0;2;4.0;2;6.0;1;18.0;3;19.0;2;10.0;2;9.0;2
Patric Bachnic;974;;5;;3;;2;;2;;1;;3;;2;;2;;2
Suzie Feldstein;975;2.0;5;9.0;3;11.0;2;3.0;2;16.0;1;14.0;3;18.0;2;2.0;2;0.0;2
Alanna Baudassi;976;18.0;5;9.0;3;7.0;2;17.0;2;15.0;1;18.0;3;5.0;2;7.0;2;20.0;2
Roderic Picknett;977;;5;;3;;2;;2;;1;;3;;2;;2;;2
Tore Titterrell;978;11.0;5;19.0;3;4.0;2;17.0;2;2.0;1;6.0;3;19.0;2;16.0;2;15.0;2
Farley Yitzhakov;979;;5;;3;;2;;2;;1;;3;;2;;2;;2
Kalle Mebes;980;15.0;5;6.0;3;15.0;2;4.0;2;0.0;1;1.0;3;6.0;2;5.0;2;17.0;2
Ulysses Plowes;981;12.0;5;0.0;3;15.0;2;12.0;2;7.0;1;10.0;3;14.0;2;13.0;2;7.0;2
Carney Lembrick;982;7.0;5;7.0;3;16.0;2;7.0;2;7.0;1;2.0;3;16.0;2;11.0;2;0.0;2
Morganne Lathy;983;8.0;5;14.0;3;6.0;2;14.0;2;15.0;1;16.0;3;16.0;2;17.0;2;8.0;2
Amalita Durning;984;0.0;5;5.0;3;7.0;2;3.0;2;9.0;1;9.0;3;17.0;2;18.0;2;8.0;2
Von Squibe;985;20.0;5;9.0;3;5.0;2;16.0;2;5.0;1;18.0;3;9.0;2;10.0;2;12.0;2
Emera Ambroziak;986;;5;;3;;2;;2;;1;;3;;2;;2;;2
Nanny Wenderoth;987;15.0;5;20.0;3;17.0;2;9.0;2;2.0;1;14.0;3;10.0;2;7.0;2;19.0;2
Terri Ventum;988;3.0;5;8.0;3;0.0;2;10.0;2;7.0;1;11.0;3;16.0;2;20.0;2;15.0;2
Cicily Cream;989;4.0;5;4.0;3;11.0;2;8.0;2;11.0;1;9.0;3;6.0;2;17.0;2;0.0;2
Bone Hotchkin;990;19.0;5;8.0;3;1.0;2;12.0;2;11.0;1;3.0;3;4.0;2;0.0;2;6.0;2
Evy Agron;991;;5;;3;;2;;2;;1;;3;;2;;2;;2
Steffie Beeres;992;20.0;5;8.0;3;7.0;2;1.0;2;18.0;1;13.0;3;4.0;2;0.0;2;16.0;2
Felicio Kinney;993;;5;;3;;2;;2;;1;;3;;2;;2;;2
Thorvald Perrett;994;14.0;5;12.0;3;12.0;2;9.0;2;10.0;1;13.0;3;10.0;2;19.0;2;11.0;2
Hamid Redmain;995;;5;;3;;2;;2;;1;;3;;2;;2;;2
Morley Andrzejak;996;3.0;5;11.0;3;10.0;2;11.0;2;11.0;1;13.0;3;10.0;2;16.0;2;10.0;2
Ester Deschelle;997;14.0;5;1.0;3;8.0;2;13.0;2;3.0;1;15.0;3;10.0;2;0.0;2;7.0;2
Quincey Shervil;998;16.0;5;19.0;3;7.0;2;10.0;2;17.0;1;2.0;3;6.0;2;1.0;2;11.0;2
Stacee Bayldon;999;7.0;5;8.0;3;6.0;2;14.0;2;16.0;1;17.0;3;20.0;2;2.0;2;0.0;2
Patrica Sebring;1000;4.0;5;18.0;3;12.0;2;7.0;2;1.0;1;15.0;3;17.0;2;14.0;2;8.0;2
